gender,age,education_level,employed,internet_speed_mbps,previous_course_completion_rate,average_study_hours_per_week,quiz_score_average,video_watch_percentage,forum_participation_rate,assignment_submission_rate,estimated_completion_days
Male,31,Undergraduate,No,55.46,0.36,12.22,82.67,73.27,0.67,0.55,33.0
Other,22,High School,No,41.97,0.81,13.05,70.16,54.73,0.52,0.72,21.3
Male,51,Undergraduate,Yes,47.25,0.94,8.75,57.15,72.95,0.63,0.78,29.5
Male,16,Undergraduate,No,37.62,0.44,1.92,85.24,80.09,0.57,0.73,44.9
Male,27,Undergraduate,Yes,20.12,0.76,8.25,61.39,57.79,0.34,0.7,40.2
Male,57,Undergraduate,Yes,29.79,0.72,7.72,59.79,48.13,0.34,0.65,39.4
Other,23,Undergraduate,Yes,32.9,0.88,8.14,76.81,58.6,0.59,0.32,42.3
Male,39,Undergraduate,Yes,28.17,0.8,10.84,62.47,46.59,0.71,0.81,33.1
Female,57,Undergraduate,Yes,23.92,0.81,13.55,73.34,42.32,0.39,0.41,45.8
Other,16,Graduate,No,18.64,0.68,7.25,51.87,95.64,0.56,0.86,25.0
Female,32,Graduate,Yes,39.07,0.69,4.49,94.13,68.15,0.94,0.52,51.4
Male,33,High School,Yes,34.3,0.68,9.24,78.51,57.35,0.39,0.92,32.1
Female,35,Graduate,Yes,34.96,0.7,7.11,83.27,63.16,0.42,0.49,44.9
Female,37,Undergraduate,Yes,39.38,0.7,2.44,53.63,88.29,0.35,0.54,69.1
Female,28,Undergraduate,No,25.0,0.5,11.69,90.76,65.21,0.76,0.5,29.6
Male,55,Postgraduate,Yes,28.78,0.89,13.13,85.98,59.9,0.57,0.89,15.1
Other,19,Undergraduate,No,22.38,0.68,10.3,57.39,72.11,0.51,0.68,34.9
Female,36,High School,Yes,33.16,0.34,9.5,74.69,82.54,0.81,0.63,36.6
Other,35,Graduate,Yes,14.27,0.68,9.16,65.65,89.56,0.07,0.87,40.9
Male,19,Undergraduate,Yes,16.24,0.89,6.02,97.43,66.81,0.78,0.32,43.1
Other,43,Undergraduate,Yes,25.47,0.41,4.95,97.89,81.57,0.73,0.73,46.5
Male,35,Undergraduate,No,33.9,0.44,7.92,68.52,69.62,0.97,0.74,36.6
Other,47,Undergraduate,Yes,25.54,0.89,5.22,89.96,92.61,0.62,0.47,42.5
Other,53,Graduate,No,34.71,0.68,12.25,88.95,56.13,0.28,0.99,15.0
Male,56,Graduate,Yes,50.5,0.67,14.97,54.92,45.4,0.37,0.55,30.0
Other,20,Graduate,Yes,27.96,0.42,6.37,70.27,87.05,0.27,0.47,42.0
Male,34,Graduate,No,22.31,0.81,6.45,97.23,41.99,0.95,0.9,22.5
Female,23,Graduate,No,46.1,0.47,7.95,82.15,71.0,0.13,0.37,39.9
Other,57,Undergraduate,Yes,19.8,0.98,3.96,54.5,64.11,0.45,0.77,39.6
Female,39,Undergraduate,No,28.63,0.76,7.36,82.26,95.91,0.07,0.46,43.4
Other,28,Graduate,No,19.15,0.59,4.42,75.08,99.87,0.52,0.3,41.7
Female,20,Graduate,Yes,47.76,0.46,4.35,98.42,86.87,0.17,0.78,60.8
Other,35,High School,Yes,16.99,0.39,5.05,50.15,46.6,0.07,0.44,58.8
Male,45,High School,No,39.27,0.61,7.58,75.98,81.19,0.27,0.88,43.9
Other,34,High School,No,14.24,0.59,8.67,55.38,63.36,0.31,0.67,36.9
Female,55,Undergraduate,Yes,36.96,0.58,11.14,98.52,42.25,0.9,0.95,29.4
Female,59,Graduate,No,24.34,0.53,8.88,62.4,85.14,0.59,0.89,20.7
Other,28,Graduate,No,36.25,0.35,12.54,54.54,69.4,0.56,0.38,31.0
Other,51,Undergraduate,No,37.44,0.84,8.72,71.93,72.47,0.72,0.43,29.4
Male,38,Undergraduate,Yes,14.74,0.41,9.53,99.61,73.98,0.94,0.67,34.4
Female,16,Postgraduate,No,42.75,0.49,6.42,66.25,43.53,0.17,0.43,44.7
Other,24,Graduate,Yes,33.18,0.32,10.23,55.74,53.23,0.9,0.59,38.0
Male,43,Graduate,No,35.55,0.78,11.03,54.25,75.31,0.44,0.96,23.7
Female,24,Undergraduate,Yes,43.68,0.59,7.02,60.13,87.54,0.58,0.5,51.3
Female,56,Graduate,Yes,22.05,0.64,7.03,51.52,85.85,0.31,0.61,37.8
Male,16,High School,No,35.97,0.86,5.69,56.42,48.17,0.13,0.54,32.4
Female,30,Undergraduate,No,35.09,0.75,5.41,99.04,50.77,0.88,0.93,23.8
Other,18,Undergraduate,Yes,31.83,0.3,3.34,63.95,46.59,0.62,0.82,51.4
Other,43,High School,No,19.92,0.56,10.68,58.37,76.28,0.85,0.43,33.1
Female,33,Undergraduate,No,26.43,0.41,8.02,55.84,62.65,0.4,0.86,43.7
Female,54,Undergraduate,No,25.65,0.53,7.7,76.64,70.37,0.75,0.93,35.5
Other,22,Graduate,No,5.21,0.98,9.57,88.45,68.66,0.58,0.53,35.4
Other,51,Graduate,No,26.09,0.97,5.9,93.59,93.31,0.32,0.48,43.2
Female,35,High School,No,23.68,0.85,6.25,68.57,43.85,0.57,0.32,51.1
Other,55,Undergraduate,Yes,34.42,0.97,7.22,68.96,92.59,0.09,0.56,31.1
Male,43,Undergraduate,No,37.85,0.38,12.63,81.37,47.03,0.94,0.49,32.0
Male,25,Graduate,Yes,28.87,0.93,10.59,82.45,63.37,0.95,0.57,31.8
Female,43,Postgraduate,Yes,35.13,0.3,13.43,81.74,90.91,0.32,0.85,25.8
Female,45,Graduate,No,49.43,0.56,8.04,61.18,95.83,0.44,0.4,46.4
Female,42,Undergraduate,No,35.79,0.93,10.51,72.81,74.06,0.86,0.39,33.3
Other,39,Undergraduate,No,26.46,0.42,10.62,99.87,60.98,0.81,0.56,32.4
Male,28,Graduate,Yes,30.87,0.73,5.99,58.63,91.81,0.97,0.44,47.2
Female,16,Graduate,No,5.12,0.88,6.74,54.91,54.27,0.69,0.79,39.6
Other,31,Undergraduate,Yes,29.11,0.65,6.88,70.7,89.99,0.09,0.91,41.0
Male,46,Undergraduate,Yes,44.87,0.52,9.12,82.88,85.55,0.83,0.57,33.2
Other,46,Graduate,Yes,23.79,0.53,7.32,91.62,73.81,0.33,0.37,52.6
Male,47,Undergraduate,Yes,14.8,0.84,9.34,97.73,79.9,0.61,0.84,29.6
Male,54,Graduate,Yes,23.74,0.48,5.57,85.75,94.43,0.1,0.87,44.0
Female,50,Graduate,Yes,28.01,0.68,3.86,55.23,69.34,0.34,0.53,55.5
Other,52,Graduate,No,37.39,0.85,8.29,95.21,98.45,0.18,0.69,25.0
Female,59,Graduate,No,26.91,0.84,8.37,61.74,94.37,0.38,0.51,35.0
Male,20,High School,No,39.49,0.41,9.59,93.88,81.8,0.17,0.94,30.3
Other,31,Undergraduate,Yes,25.18,0.47,7.64,61.52,65.83,0.64,0.72,43.7
Male,47,Undergraduate,Yes,32.65,0.52,9.54,67.11,58.63,0.69,0.48,41.6
Male,16,Graduate,Yes,29.93,0.37,6.33,70.23,87.33,0.45,0.41,52.6
Male,16,High School,Yes,36.21,0.56,8.91,90.79,67.98,0.43,0.47,39.0
Male,27,Undergraduate,Yes,28.8,0.51,10.93,81.89,47.62,0.52,0.79,35.7
Female,55,High School,No,31.65,0.37,7.7,79.8,47.13,0.99,0.71,41.9
Other,59,High School,No,33.12,0.65,9.44,87.89,59.07,0.15,0.69,34.3
Male,44,Undergraduate,No,48.95,0.76,5.86,74.37,67.87,0.53,0.6,39.7
Male,40,Undergraduate,No,26.84,0.41,7.85,85.32,88.37,0.71,0.34,41.9
Male,23,Graduate,No,33.59,0.83,7.21,53.0,42.94,0.4,0.84,33.3
Other,49,Graduate,Yes,45.98,0.93,6.43,53.3,44.7,0.48,0.43,39.9
Female,29,Graduate,Yes,24.42,0.62,3.91,60.64,73.7,0.49,0.35,51.4
Other,27,Graduate,Yes,19.89,0.49,13.43,66.0,80.57,0.62,0.7,27.9
Other,55,Graduate,No,18.6,0.48,9.87,83.15,83.58,0.4,0.61,31.8
Female,21,High School,Yes,29.52,0.63,11.46,74.84,91.15,1.0,0.89,16.0
Male,26,Undergraduate,No,36.3,0.93,6.54,71.13,54.96,0.54,0.38,38.3
Male,42,High School,No,29.73,0.64,10.17,57.94,79.1,0.85,0.47,26.8
Male,27,Graduate,No,22.92,0.95,6.81,69.13,90.09,0.2,0.72,35.3
Male,59,Graduate,Yes,32.31,0.93,8.83,80.64,77.64,0.51,0.49,41.8
Other,57,Undergraduate,No,38.05,0.68,6.63,77.59,56.25,0.96,0.62,37.8
Other,30,Graduate,No,16.49,0.64,10.37,84.46,90.7,0.97,0.42,31.0
Other,52,Graduate,No,27.3,0.86,8.56,61.86,57.78,0.23,0.78,30.3
Female,48,High School,Yes,34.11,0.98,5.64,59.0,69.14,0.12,0.86,43.4
Female,16,Graduate,No,31.15,0.45,8.95,87.66,70.42,0.08,0.79,38.9
Male,50,Undergraduate,No,33.47,0.49,8.16,89.72,83.49,0.47,0.62,27.6
Female,55,High School,Yes,30.28,0.45,12.88,93.05,92.27,0.81,0.62,30.9
Female,44,Graduate,Yes,16.11,0.55,3.62,68.96,98.12,0.91,0.44,53.5
Female,44,Undergraduate,No,32.99,0.32,12.31,99.0,89.61,0.23,0.94,24.2
Other,26,Postgraduate,Yes,13.09,0.69,6.7,75.26,81.43,0.81,0.64,41.5
Other,20,Graduate,Yes,31.23,0.98,7.02,94.07,53.49,0.12,0.37,39.0
Male,31,Graduate,No,28.81,1.0,7.44,54.56,99.38,0.99,0.8,21.6
Female,34,Graduate,No,35.91,0.53,6.74,77.14,49.18,0.14,1.0,38.6
Male,29,Undergraduate,Yes,46.51,0.75,12.03,74.88,54.18,0.71,0.72,27.7
Female,58,Postgraduate,Yes,37.97,0.54,7.95,64.51,94.96,0.5,0.77,47.2
Female,45,Undergraduate,No,35.71,0.57,10.14,88.92,70.57,0.4,0.68,33.9
Male,59,Graduate,No,46.96,0.81,8.85,99.0,62.51,0.88,0.93,17.1
Male,23,Undergraduate,Yes,28.87,0.93,8.92,83.65,42.69,0.3,0.49,36.5
Male,55,Graduate,No,8.58,0.33,9.59,68.41,88.81,0.13,0.81,52.7
Male,46,Undergraduate,No,25.87,0.89,15.98,65.25,75.89,0.03,0.55,20.9
Other,25,Undergraduate,No,23.18,0.89,5.12,68.68,97.58,0.48,0.88,30.1
Female,21,Undergraduate,No,29.22,0.82,9.3,67.86,97.59,0.57,0.41,39.4
Other,35,High School,No,24.02,0.69,8.98,53.33,50.09,0.54,0.66,33.5
Male,50,Undergraduate,No,30.38,0.52,3.54,81.33,50.02,0.06,0.37,53.9
Male,24,Undergraduate,No,34.49,0.78,12.67,73.93,40.07,0.66,0.43,28.1
Female,45,High School,Yes,25.92,0.73,7.3,91.56,73.19,0.54,0.45,42.4
Male,32,Undergraduate,Yes,11.42,0.6,5.29,85.12,62.02,0.04,0.33,50.8
Female,21,High School,Yes,22.41,0.73,11.52,98.92,87.52,0.73,0.96,18.4
Other,22,Undergraduate,No,41.55,0.47,5.5,71.0,75.64,0.32,0.42,45.1
Female,48,Graduate,Yes,24.21,0.43,7.1,59.21,79.88,0.14,0.73,46.3
Male,20,Graduate,No,42.2,0.39,6.85,53.23,82.1,0.7,0.56,47.4
Male,43,Undergraduate,Yes,24.3,0.6,3.98,80.97,82.02,0.92,0.5,49.0
Male,28,Graduate,Yes,48.41,0.63,6.67,52.8,48.28,0.09,0.45,56.2
Female,56,High School,Yes,38.27,0.65,5.21,80.39,44.77,0.72,0.91,33.2
Female,22,Undergraduate,No,48.12,0.38,13.93,99.44,79.72,0.48,0.34,33.9
Male,30,Undergraduate,Yes,46.0,0.49,4.25,58.75,95.33,0.88,0.81,34.0
Other,37,High School,No,27.51,0.88,2.0,86.71,83.41,0.67,0.54,40.2
Other,33,Postgraduate,No,34.01,0.99,10.11,77.94,89.07,0.01,0.9,20.5
Female,43,Graduate,No,44.68,0.59,12.94,72.7,90.12,0.89,0.61,22.5
Other,50,Postgraduate,No,31.08,0.36,4.79,66.46,45.98,1.0,0.98,38.2
Other,52,High School,Yes,24.06,0.43,3.98,71.89,91.95,0.03,0.9,55.9
Other,37,Undergraduate,No,26.88,0.63,8.3,71.58,90.15,0.2,0.8,33.4
Male,16,Undergraduate,Yes,37.18,0.69,5.28,89.74,98.59,0.22,0.71,45.5
Female,34,Graduate,No,28.26,0.94,9.83,57.22,79.52,0.68,0.31,35.0
Other,22,Undergraduate,No,40.87,0.56,10.41,91.7,60.12,0.87,0.72,26.4
Male,55,Graduate,No,27.16,0.34,5.75,73.13,43.34,0.25,0.32,51.6
Male,25,Graduate,No,23.24,0.81,6.1,52.28,63.33,0.14,0.91,43.3
Female,28,High School,Yes,42.39,0.63,3.9,64.94,84.55,0.77,0.51,40.5
Female,24,Postgraduate,No,23.16,0.97,10.1,60.54,45.84,0.77,0.77,27.8
Other,58,Graduate,Yes,37.49,0.45,10.54,53.74,60.63,0.51,0.49,45.2
Female,32,Graduate,No,26.96,0.9,7.54,54.6,64.54,0.89,0.95,26.9
Female,39,Graduate,No,14.69,0.56,9.75,90.1,53.8,0.22,0.78,30.6
Male,52,Undergraduate,Yes,48.3,0.43,9.95,89.33,69.58,0.96,0.36,46.3
Male,33,Undergraduate,No,40.25,0.74,4.07,72.28,49.2,0.39,0.67,36.8
Female,58,Postgraduate,Yes,24.8,0.94,2.74,55.7,94.81,0.9,0.44,40.8
Other,57,Undergraduate,No,34.75,0.99,11.12,59.11,40.58,0.19,0.48,35.2
Female,34,Graduate,Yes,49.09,0.5,7.71,85.36,84.12,0.36,0.91,28.1
Female,25,Undergraduate,Yes,20.83,0.68,8.24,58.5,77.48,0.67,0.43,48.8
Other,39,Postgraduate,Yes,39.71,0.84,2.43,60.82,42.08,0.04,0.51,68.5
Other,46,Undergraduate,No,41.34,0.31,9.15,89.35,54.96,0.9,0.39,34.4
Female,51,Graduate,No,29.24,0.4,6.89,72.51,61.92,0.68,0.49,36.8
Other,53,Graduate,Yes,25.46,0.3,7.27,94.7,76.72,0.69,0.32,53.7
Female,20,High School,No,43.91,0.96,11.33,58.03,83.26,0.9,0.83,18.9
Other,33,High School,Yes,35.2,0.42,5.74,98.2,56.49,0.58,0.8,42.1
Female,49,Graduate,No,37.87,0.96,8.89,74.04,98.99,0.03,0.74,30.4
Male,49,Undergraduate,No,34.81,0.92,9.83,93.93,63.83,0.67,0.89,17.4
Male,52,Undergraduate,No,6.16,0.86,9.15,51.67,40.56,0.27,0.57,40.5
Male,30,Undergraduate,Yes,19.55,0.95,8.21,96.44,96.43,0.37,0.83,29.7
Male,34,Graduate,No,34.71,0.78,7.91,75.67,62.49,0.29,0.75,32.4
Other,52,Graduate,Yes,24.89,0.59,6.29,70.92,86.01,0.23,0.85,43.7
Other,56,Undergraduate,No,18.76,0.83,7.28,54.52,46.38,0.34,0.38,34.1
Other,48,Graduate,No,38.45,0.48,9.66,74.49,90.58,0.71,0.88,15.3
Female,28,Graduate,Yes,37.92,0.43,5.04,83.91,62.51,0.86,0.85,43.0
Female,42,Postgraduate,Yes,40.93,0.86,9.05,57.15,57.48,0.11,0.95,28.1
Male,40,High School,No,28.72,0.8,5.3,92.45,77.52,0.11,0.48,40.5
Female,52,Graduate,No,28.59,0.58,4.67,70.02,94.92,0.68,0.3,45.0
Female,59,Graduate,No,28.64,0.74,8.38,67.26,64.72,0.49,0.92,32.2
Other,33,High School,No,36.19,0.73,10.64,61.28,97.98,0.2,0.79,32.4
Other,49,Graduate,No,48.38,0.68,7.14,69.96,92.31,0.67,0.31,38.7
Other,52,Postgraduate,No,9.73,0.55,5.88,93.54,42.89,0.69,0.42,47.7
Other,53,High School,No,50.13,0.38,6.47,64.95,88.48,0.05,0.81,43.6
Other,25,Undergraduate,No,16.88,0.8,7.99,54.49,81.25,0.38,0.48,32.7
Male,27,Undergraduate,No,20.27,0.35,9.7,53.75,45.68,0.21,0.98,47.4
Male,35,Graduate,Yes,35.52,0.63,8.18,60.35,84.48,0.05,0.75,39.0
Other,40,Postgraduate,No,38.6,0.78,3.1,72.11,53.86,0.22,0.8,42.6
Male,50,Undergraduate,Yes,15.19,0.95,6.5,98.85,63.45,0.95,0.34,37.3
Female,37,Undergraduate,No,27.95,0.46,5.73,80.11,91.86,0.1,0.68,48.1
Male,23,Undergraduate,No,34.32,0.42,5.01,84.93,68.94,0.24,0.61,50.9
Male,51,High School,Yes,26.88,0.34,13.15,51.45,65.27,0.28,0.78,36.7
Male,39,Undergraduate,No,38.37,0.45,6.34,55.32,76.74,0.71,0.48,49.4
Other,45,Graduate,No,5.0,0.76,9.39,76.83,66.32,0.11,0.92,39.3
Female,46,High School,No,17.93,0.42,6.63,87.08,95.54,0.08,0.62,49.4
Male,56,Undergraduate,No,34.92,0.78,6.62,89.82,83.38,0.63,0.74,42.0
Male,54,Graduate,No,30.42,0.65,7.35,84.63,46.98,0.19,0.36,36.2
Female,20,Postgraduate,No,37.58,0.4,8.86,58.39,82.84,0.24,0.7,45.0
Female,57,High School,No,13.87,0.39,9.27,54.5,62.95,0.18,0.99,31.6
Male,32,Undergraduate,No,38.99,0.78,7.67,58.59,54.25,0.13,0.81,41.0
Other,30,Undergraduate,No,24.54,0.77,10.03,62.75,54.95,0.08,0.86,30.8
Other,32,Undergraduate,Yes,25.84,0.68,7.08,87.81,84.12,0.25,0.45,46.6
Female,41,Postgraduate,No,42.9,0.84,7.05,74.71,74.96,0.9,0.88,24.2
Male,42,Graduate,No,38.4,0.79,4.2,79.86,68.72,0.6,0.35,41.9
Other,52,High School,No,13.98,0.68,6.6,92.17,71.77,0.45,0.59,39.5
Other,26,Graduate,Yes,27.51,0.96,6.39,65.5,86.98,0.44,0.35,46.7
Male,25,Undergraduate,Yes,9.94,0.68,10.79,85.63,81.69,0.74,0.62,40.7
Other,37,Graduate,Yes,32.82,0.51,6.68,72.04,42.36,0.58,0.72,40.1
Female,53,Undergraduate,No,37.96,0.61,10.91,87.61,99.23,0.15,0.64,25.5
Male,55,Graduate,No,24.5,0.5,3.88,92.2,89.68,0.95,0.54,45.0
Female,28,Postgraduate,No,34.23,0.5,2.96,93.58,68.86,0.12,0.4,52.8
Male,40,High School,Yes,45.64,0.73,2.2,65.52,62.61,0.46,0.42,55.2
Other,32,Graduate,Yes,27.45,0.48,8.19,50.75,93.9,0.32,0.48,46.1
Other,34,Undergraduate,Yes,16.79,0.3,9.84,99.58,52.55,0.7,0.43,37.7
Male,26,Undergraduate,Yes,27.8,0.86,9.15,86.48,99.41,0.17,0.6,36.8
Male,52,High School,Yes,40.53,0.88,5.02,51.22,53.53,0.44,0.34,56.5
Male,44,Undergraduate,Yes,22.36,0.72,7.63,67.52,97.88,0.04,0.54,46.9
Female,37,Undergraduate,No,38.43,0.86,10.91,63.36,90.56,0.18,0.51,33.1
Male,40,Undergraduate,Yes,8.73,0.75,8.06,88.77,55.97,0.19,0.41,54.8
Other,51,Graduate,Yes,43.34,0.77,7.47,96.59,64.66,0.25,0.31,46.4
Male,30,Undergraduate,Yes,25.46,0.99,13.22,80.88,71.47,0.51,0.42,25.0
Male,37,Undergraduate,No,13.98,0.7,9.48,63.8,84.01,0.67,0.89,24.7
Female,37,Undergraduate,No,40.0,1.0,6.13,90.37,52.11,0.94,0.55,36.2
Male,27,Undergraduate,No,22.6,0.83,9.62,56.37,64.6,0.05,0.34,38.9
Male,39,High School,No,35.43,0.97,5.63,88.08,96.68,0.87,0.75,29.6
Other,40,Undergraduate,No,10.26,0.9,7.46,70.56,93.69,0.25,0.63,39.8
Male,23,Undergraduate,Yes,36.39,0.65,7.48,61.77,69.67,0.14,0.57,44.1
Female,35,Undergraduate,No,24.78,0.52,9.28,73.4,80.41,0.44,0.39,40.2
Male,25,Undergraduate,No,23.66,0.31,6.07,88.56,71.46,0.93,0.6,41.9
Male,18,Undergraduate,No,32.63,0.63,6.45,78.51,71.65,0.65,0.83,35.8
Female,25,Undergraduate,Yes,48.82,0.93,8.32,73.31,77.81,0.67,0.38,42.6
Other,35,Graduate,No,18.31,0.88,9.61,68.81,96.89,0.73,0.69,20.5
Female,32,Undergraduate,Yes,32.57,0.36,8.69,75.93,74.09,0.3,0.82,37.1
Other,59,Undergraduate,Yes,22.09,0.59,6.16,80.66,69.45,0.95,0.71,38.6
Female,25,Graduate,Yes,36.25,0.76,5.41,65.64,97.65,0.96,0.8,33.1
Male,43,Graduate,No,26.84,0.8,3.76,71.88,40.76,0.57,0.94,36.4
Other,29,Graduate,No,39.24,0.46,4.85,60.2,88.73,0.09,0.38,57.5
Male,29,High School,No,46.52,0.87,10.25,78.45,86.86,0.48,0.88,15.0
Other,28,Graduate,No,35.69,0.55,8.76,68.06,86.13,0.19,0.51,39.2
Male,40,Undergraduate,Yes,31.68,0.98,7.0,68.63,61.59,0.92,0.68,32.9
Other,50,Undergraduate,No,33.02,0.48,6.09,79.01,87.4,0.68,0.42,39.0
Female,43,Undergraduate,No,36.61,0.63,3.09,95.23,84.4,0.45,0.79,39.8
Female,57,Undergraduate,No,20.7,0.51,8.52,65.21,79.92,0.73,0.87,29.6
Other,46,Undergraduate,Yes,37.2,0.98,10.13,82.32,45.23,0.22,0.94,34.6
Female,56,High School,No,44.12,0.93,5.15,86.84,52.44,0.48,0.96,34.7
Female,31,Undergraduate,No,7.62,0.93,7.11,98.07,92.45,0.65,0.33,40.2
Female,53,High School,Yes,28.81,0.45,5.94,94.92,40.58,0.96,0.84,40.8
Female,29,Undergraduate,No,37.42,0.89,7.2,90.62,67.35,0.8,0.48,25.9
Female,33,High School,No,27.38,0.75,5.39,84.17,55.73,0.82,0.52,39.5
Male,31,Undergraduate,No,39.46,0.81,9.24,93.77,94.28,0.69,0.61,27.1
Female,32,Undergraduate,No,30.7,0.73,9.72,61.04,73.31,0.58,0.71,31.4
Female,50,Graduate,No,31.31,0.88,8.5,76.42,42.52,0.01,0.81,35.8
Other,42,Undergraduate,No,21.51,0.95,9.09,51.07,84.28,0.17,0.34,33.9
Female,40,High School,No,41.53,0.42,4.12,62.84,61.99,0.93,0.37,52.4
Male,58,Undergraduate,Yes,7.89,0.98,9.09,75.17,98.43,0.04,0.65,38.8
Female,16,High School,Yes,12.06,0.57,13.72,69.43,62.51,0.24,0.73,34.8
Other,19,Postgraduate,No,14.8,0.51,4.01,79.05,65.62,0.4,0.61,46.9
Male,37,Undergraduate,No,29.27,0.61,4.91,51.76,43.58,0.52,0.54,47.4
Female,32,High School,No,40.09,0.86,12.06,59.44,49.82,0.84,0.98,17.6
Female,39,High School,No,12.13,0.9,3.52,68.8,87.31,0.65,0.84,31.2
Male,43,Undergraduate,No,37.89,0.83,7.43,60.38,83.04,0.71,0.47,33.4
Female,24,High School,No,27.36,0.68,9.75,66.33,70.16,0.46,0.5,39.2
Male,51,Undergraduate,No,36.02,0.82,7.62,92.24,46.1,0.71,0.88,25.2
Other,22,Postgraduate,Yes,43.71,0.38,6.15,72.77,95.11,0.21,0.97,35.4
Other,46,Postgraduate,No,29.63,0.81,4.18,80.37,42.68,0.53,0.52,50.0
Male,39,Graduate,Yes,31.3,0.87,9.45,63.36,63.76,0.97,0.85,27.8
Other,52,Undergraduate,No,37.11,0.48,9.01,84.47,56.41,0.14,0.51,46.4
Other,22,Undergraduate,Yes,25.87,0.69,9.2,77.32,86.98,0.3,0.84,42.7
Female,55,High School,No,39.04,0.43,6.19,55.29,83.93,0.87,0.81,35.3
Female,31,Undergraduate,Yes,45.87,0.34,6.92,92.77,96.3,0.68,0.43,47.9
Other,43,Postgraduate,Yes,23.19,0.93,3.24,75.71,58.11,0.85,0.74,43.3
Female,54,Postgraduate,Yes,30.41,0.51,8.8,71.16,58.39,0.83,0.57,43.8
Male,33,Postgraduate,Yes,31.35,0.8,10.4,89.99,65.68,0.96,0.44,33.4
Female,30,High School,Yes,15.4,0.88,6.97,75.5,58.4,0.37,0.32,46.1
Other,49,Graduate,No,29.65,0.74,3.51,95.2,41.86,0.8,0.82,30.5
Female,35,Postgraduate,Yes,40.1,0.69,18.29,89.51,87.47,0.92,0.89,15.2
Female,39,Graduate,No,27.51,0.62,5.62,96.15,72.21,0.35,0.74,37.0
Other,20,Undergraduate,Yes,40.83,0.99,10.8,77.74,58.44,0.23,0.47,31.9
Male,30,Graduate,No,31.87,0.7,10.95,77.6,72.36,0.17,0.31,38.1
Female,40,Graduate,No,36.14,0.45,6.44,86.47,65.64,0.27,0.35,45.5
Other,31,Undergraduate,Yes,37.06,0.62,1.51,66.79,47.79,0.72,0.8,44.6
Male,29,Graduate,No,12.7,0.77,8.64,70.54,94.95,0.29,0.4,29.3
Other,18,Undergraduate,No,40.81,0.71,5.07,71.57,75.54,0.7,0.59,45.4
Female,24,Undergraduate,Yes,29.08,0.61,5.04,80.55,55.96,0.5,0.84,50.9
Other,35,Graduate,No,20.22,0.35,13.22,55.89,55.08,0.17,0.85,32.2
Male,39,High School,No,35.78,0.38,9.38,51.59,85.04,0.52,0.32,52.9
Female,21,Undergraduate,No,5.28,0.33,4.17,90.41,68.34,0.75,0.79,52.8
Female,24,High School,Yes,14.61,0.45,7.63,90.41,51.21,0.71,0.68,54.5
Female,52,High School,No,36.47,0.45,4.51,83.26,96.72,0.09,0.67,42.5
Other,36,Postgraduate,No,20.37,0.35,10.28,66.92,59.55,0.65,0.69,27.3
Male,17,Graduate,No,28.93,0.98,8.06,65.6,81.37,0.76,0.79,17.9
Male,39,High School,Yes,18.16,0.46,7.92,75.38,96.76,0.07,0.47,51.6
Male,58,Undergraduate,No,17.68,0.42,11.98,57.37,75.68,0.24,0.44,34.2
Male,54,Graduate,No,13.49,0.81,8.53,70.98,41.9,0.01,0.82,35.9
Other,35,High School,No,33.18,0.7,8.06,56.39,59.86,0.6,0.52,39.6
Male,58,Graduate,No,40.46,0.45,7.36,83.38,74.35,0.3,0.7,38.2
Female,26,High School,Yes,23.09,0.64,3.68,52.18,41.18,0.51,0.97,43.0
Female,57,High School,No,30.73,0.84,9.43,72.55,73.63,0.7,0.38,39.7
Male,45,High School,Yes,37.06,0.84,5.05,84.79,61.54,0.84,0.82,49.3
Male,19,Undergraduate,Yes,44.75,0.64,9.99,72.99,91.06,0.14,0.76,39.4
Female,51,Graduate,No,18.65,0.73,10.61,84.08,90.83,0.01,0.87,30.6
Other,52,High School,No,35.33,0.74,9.54,83.73,41.83,0.54,0.39,29.6
Other,21,High School,No,15.15,0.68,3.04,92.87,61.03,0.2,0.75,45.0
Female,42,High School,No,32.94,0.96,10.93,57.01,80.45,0.15,0.97,27.2
Other,46,Graduate,No,21.06,0.62,7.48,82.07,50.33,0.86,0.78,29.9
Male,40,Undergraduate,Yes,22.82,0.51,12.89,53.79,96.32,0.8,0.88,18.0
Other,42,Graduate,No,33.76,0.74,10.85,61.01,62.49,0.9,0.74,24.2
Female,33,Graduate,Yes,36.82,0.53,7.68,52.95,82.81,0.08,0.9,43.0
Female,44,High School,No,26.47,0.77,8.01,57.31,94.31,0.1,0.65,49.6
Male,55,Graduate,Yes,36.82,0.66,7.51,73.51,48.61,0.78,0.49,38.2
Male,37,Graduate,No,22.35,0.38,6.57,82.24,85.92,0.91,0.62,48.3
Male,37,Postgraduate,No,9.37,0.52,12.73,96.2,79.69,0.99,0.55,32.4
Male,42,Undergraduate,No,32.57,0.82,8.66,88.81,58.92,0.37,0.76,33.2
Other,50,High School,No,24.23,0.68,7.5,66.63,84.9,0.83,0.43,36.6
Male,20,Undergraduate,No,36.52,0.64,5.49,89.19,81.88,0.98,0.61,30.5
Female,53,Graduate,No,37.93,0.92,14.05,76.69,73.07,0.59,0.86,15.0
Other,56,Undergraduate,Yes,43.28,0.32,9.64,67.58,62.8,0.68,0.79,37.5
Male,45,Graduate,Yes,23.69,0.72,6.48,75.3,41.24,0.36,0.46,47.3
Male,40,Undergraduate,No,16.52,0.35,5.58,63.77,66.3,0.94,0.91,32.6
Female,19,Undergraduate,Yes,39.77,0.8,7.41,85.82,63.68,0.14,0.48,49.6
Other,46,Graduate,Yes,45.89,0.62,9.8,58.82,99.93,0.76,0.75,30.1
Female,34,Undergraduate,Yes,43.42,0.97,8.64,75.63,81.01,0.2,0.81,39.5
Male,52,Undergraduate,No,49.58,0.49,10.84,72.73,61.33,0.0,0.79,40.3
Male,46,Postgraduate,No,20.89,0.66,8.98,97.18,72.9,0.32,0.41,38.6
Female,33,High School,No,35.02,0.68,5.18,72.71,78.79,0.78,0.33,44.3
Male,19,Undergraduate,No,31.09,0.61,3.82,65.79,84.65,0.99,0.51,47.5
Other,31,Graduate,Yes,34.75,0.89,9.79,98.75,56.69,0.62,0.42,41.3
Male,29,Graduate,Yes,35.19,0.66,9.82,83.55,55.91,0.31,0.36,43.8
Other,37,Graduate,No,32.57,0.6,6.23,51.09,56.58,0.21,0.34,44.3
Male,44,Undergraduate,Yes,23.5,0.86,9.83,91.73,51.65,0.83,0.88,29.5
Male,19,Graduate,No,40.96,0.39,11.35,76.04,99.7,0.74,0.86,18.3
Other,53,Graduate,Yes,31.71,0.84,10.77,53.68,53.63,0.14,0.95,39.4
Other,59,Undergraduate,Yes,32.43,0.53,9.88,89.1,79.05,0.93,0.72,37.1
Other,36,Undergraduate,Yes,40.69,0.46,11.35,95.5,88.31,0.58,0.46,45.5
Other,26,Graduate,Yes,28.35,0.9,10.34,61.76,60.55,0.71,0.73,41.3
Male,31,Undergraduate,Yes,31.95,0.92,8.87,53.34,76.95,0.08,0.67,43.8
Female,20,Postgraduate,Yes,36.94,0.79,6.83,78.38,50.25,0.66,0.67,48.3
Male,37,Undergraduate,No,17.39,0.46,7.02,54.67,54.53,0.75,0.63,43.6
Male,28,High School,No,39.9,0.4,7.67,64.51,74.25,0.75,0.81,31.0
Female,23,High School,Yes,32.6,0.69,8.05,55.9,71.55,0.88,0.96,37.3
Other,26,High School,No,40.76,0.91,12.55,55.09,79.13,0.94,0.79,23.1
Female,37,High School,No,31.16,0.87,9.61,93.36,91.05,0.4,0.71,29.1
Male,51,High School,No,39.6,0.66,2.3,54.71,54.69,0.34,0.39,65.8
Female,39,Graduate,No,33.26,0.6,8.55,60.26,51.32,0.22,0.55,40.6
Male,42,Undergraduate,No,24.01,0.72,7.26,87.38,59.2,0.25,0.68,30.8
Male,24,Postgraduate,Yes,35.8,0.73,6.73,54.75,95.83,0.73,0.5,47.8
Other,47,Postgraduate,Yes,20.13,0.71,10.94,64.33,58.81,0.6,0.88,28.3
Male,45,Undergraduate,No,25.87,0.85,6.59,88.63,74.46,0.51,0.38,27.9
Other,36,Undergraduate,Yes,32.35,0.53,3.75,71.01,51.33,0.09,0.38,66.1
Male,56,Undergraduate,Yes,42.7,0.47,6.9,54.63,98.18,0.51,0.7,50.0
Male,52,Undergraduate,Yes,45.44,0.31,11.57,59.59,79.04,0.49,0.44,44.5
Female,28,High School,No,17.28,0.66,7.03,82.31,79.26,0.93,0.76,33.3
Other,16,Graduate,Yes,34.36,0.5,13.0,94.53,42.67,0.98,0.35,27.7
Female,56,Postgraduate,No,11.33,0.89,9.65,90.45,86.91,0.17,0.77,21.7
Female,42,Graduate,No,17.3,0.32,4.87,67.02,91.55,0.02,0.5,47.0
Male,58,Undergraduate,Yes,33.57,0.32,8.27,81.42,71.62,0.45,0.91,36.9
Male,35,Graduate,No,31.57,0.33,12.84,70.44,94.11,0.04,0.48,44.0
Male,37,High School,Yes,26.06,0.92,9.2,87.95,53.99,0.07,0.82,34.1
Male,29,Postgraduate,No,29.99,0.73,14.7,73.64,67.6,0.09,0.39,34.8
Male,31,Undergraduate,Yes,56.34,0.56,6.61,66.07,79.39,0.6,0.68,44.8
Female,51,High School,No,18.39,0.69,10.36,63.88,96.21,0.05,0.84,29.4
Other,47,Undergraduate,No,45.33,0.87,10.01,59.72,43.24,0.26,0.83,30.3
Other,57,Undergraduate,No,16.54,0.75,7.15,76.95,54.06,0.09,0.62,38.2
Other,30,Graduate,No,40.99,0.4,7.13,94.44,66.13,0.69,0.37,47.2
Male,37,Undergraduate,No,41.94,0.38,13.17,83.98,67.81,0.18,1.0,24.1
Other,35,Undergraduate,No,48.78,0.47,1.18,66.85,60.71,0.73,0.35,49.7
Male,42,Graduate,No,38.08,0.74,3.35,76.89,68.72,0.83,0.49,38.9
Other,53,Undergraduate,No,32.92,0.33,13.97,60.63,48.51,0.08,0.74,26.7
Female,46,High School,Yes,54.68,0.67,7.89,75.03,47.33,0.05,0.8,44.0
Other,22,Undergraduate,No,30.6,0.48,7.84,99.83,45.84,0.11,0.4,37.1
Female,23,Graduate,Yes,11.13,0.87,11.1,79.21,71.49,0.41,0.95,19.8
Female,42,Postgraduate,No,27.83,0.74,10.12,78.52,97.44,0.66,0.79,22.6
Female,51,Graduate,Yes,20.23,0.63,10.03,50.74,75.89,0.04,0.95,34.5
Other,57,Graduate,Yes,21.14,0.8,14.98,89.61,76.31,0.95,0.97,15.9
Other,48,Undergraduate,Yes,31.43,0.46,5.99,93.63,61.85,0.59,0.62,47.3
Female,30,High School,No,30.01,0.32,6.86,75.06,55.71,0.25,0.89,31.7
Other,54,Undergraduate,No,40.23,0.66,7.54,86.88,83.36,0.36,0.84,30.2
Female,56,Postgraduate,Yes,21.22,0.66,6.88,62.53,67.1,0.3,0.47,50.7
Other,34,Undergraduate,Yes,43.61,0.63,11.74,99.7,62.17,0.66,0.34,34.5
Female,18,Undergraduate,No,39.7,0.55,8.27,65.53,46.69,0.69,0.62,39.0
Male,27,High School,Yes,49.0,0.65,10.01,57.35,89.98,0.54,0.82,43.0
Female,27,Undergraduate,Yes,37.24,0.78,9.15,95.03,85.34,1.0,0.49,25.6
Female,38,High School,Yes,26.03,0.55,10.49,61.26,40.93,0.47,0.79,43.6
Other,29,Undergraduate,Yes,38.41,0.91,9.26,88.37,72.14,0.59,0.74,42.2
Female,57,Postgraduate,Yes,30.73,0.76,5.33,84.83,88.35,0.01,0.96,39.4
Male,39,Undergraduate,No,23.36,0.54,10.46,93.77,92.79,0.55,0.93,18.7
Other,49,Undergraduate,No,42.53,0.52,9.81,51.35,41.46,0.13,0.39,51.2
Other,50,Postgraduate,Yes,31.85,0.56,8.78,54.73,47.3,0.79,0.43,49.8
Other,16,Graduate,Yes,41.64,0.82,8.17,59.1,51.63,0.21,0.61,45.9
Other,22,Postgraduate,Yes,22.58,0.66,8.66,85.52,45.46,0.52,0.48,45.0
Male,33,Graduate,No,35.44,0.3,10.03,70.32,54.09,0.45,0.47,46.3
Female,39,Undergraduate,No,41.23,0.93,10.35,62.78,95.77,0.36,0.72,26.0
Male,19,Graduate,Yes,14.8,0.44,4.02,50.66,42.93,0.37,0.83,54.5
Male,16,Undergraduate,Yes,37.91,0.33,8.99,93.51,45.04,0.27,0.72,43.6
Female,46,Undergraduate,No,28.41,0.44,5.13,98.78,86.73,0.33,0.4,43.1
Male,22,High School,Yes,19.97,0.99,6.59,85.6,57.69,0.27,0.31,47.0
Male,19,High School,No,34.02,0.67,11.65,99.61,97.73,0.68,0.84,15.0
Female,38,Undergraduate,No,28.78,0.75,8.39,67.71,54.85,0.38,0.89,27.8
Other,35,Undergraduate,No,11.99,0.52,5.42,59.2,53.14,0.73,0.98,28.3
Other,31,Graduate,Yes,20.09,0.81,9.92,93.4,86.28,0.69,0.38,29.8
Male,32,Undergraduate,No,39.8,0.64,5.88,60.11,45.75,0.83,0.89,29.9
Other,28,Graduate,Yes,22.95,0.75,5.78,91.8,81.26,1.0,0.41,45.4
Female,41,Postgraduate,No,17.8,0.66,7.86,92.21,91.59,0.81,0.6,27.8
Other,31,Undergraduate,Yes,5.59,0.71,2.82,63.39,88.54,0.59,0.54,57.6
Other,47,High School,No,16.81,0.84,4.34,57.39,62.35,0.84,0.78,38.5
Female,40,High School,Yes,33.95,0.85,9.52,82.6,45.22,0.08,0.51,43.0
Female,20,Undergraduate,No,33.35,0.5,8.42,89.22,65.11,0.8,0.37,36.5
Male,56,High School,Yes,24.87,0.88,7.62,84.13,53.7,0.23,0.88,48.5
Male,39,Undergraduate,Yes,39.27,0.96,5.08,91.59,96.83,0.89,0.44,42.6
Male,56,Graduate,Yes,19.15,0.52,8.74,83.13,74.5,0.05,0.49,46.2
Female,36,Postgraduate,Yes,35.02,0.93,8.48,68.67,70.65,0.75,0.86,39.2
Female,35,Graduate,No,28.27,0.61,7.07,53.28,40.63,0.01,0.43,44.8
Female,25,High School,Yes,36.11,0.4,9.68,74.43,62.58,0.91,0.37,50.7
Male,47,Undergraduate,No,5.0,0.84,9.34,97.72,51.41,0.01,0.73,41.2
Male,16,Undergraduate,No,41.21,0.81,8.37,77.74,97.98,0.27,0.59,26.5
Male,41,Graduate,Yes,30.12,0.82,2.42,97.44,56.38,0.86,0.44,40.6
Other,59,Undergraduate,No,21.47,0.95,3.72,99.13,58.32,0.69,0.98,28.7
Female,25,Graduate,Yes,5.05,0.43,13.45,65.7,85.65,0.42,0.6,52.3
Other,16,Undergraduate,No,6.58,0.39,9.16,53.55,46.07,0.22,0.83,53.2
Other,43,High School,No,13.56,0.61,10.72,66.39,76.1,0.99,0.31,37.7
Other,35,Undergraduate,No,38.16,1.0,8.16,89.66,60.42,0.64,0.38,32.2
Female,24,Graduate,Yes,54.46,0.45,8.92,83.53,62.91,0.39,0.42,41.3
Male,25,Undergraduate,No,42.23,0.54,7.56,76.97,42.72,0.53,0.46,36.4
Other,25,Undergraduate,Yes,40.41,0.98,11.83,76.8,85.05,0.03,0.39,34.7
Other,25,High School,Yes,16.27,0.93,4.14,53.25,68.96,0.64,0.64,42.2
Female,57,Undergraduate,No,21.0,0.66,4.77,84.51,91.28,0.06,0.39,54.3
Female,24,Postgraduate,No,28.69,0.92,6.58,60.01,71.11,0.79,0.73,29.8
Female,20,Undergraduate,Yes,23.89,0.44,7.43,51.52,94.47,0.33,0.99,40.1
Other,45,Graduate,No,23.75,0.36,5.49,65.54,78.82,0.02,0.41,56.2
Male,58,Graduate,Yes,19.66,0.82,4.08,70.73,66.42,0.17,0.49,50.8
Male,57,Graduate,Yes,21.79,0.86,5.05,56.09,84.04,0.2,0.39,46.6
Male,47,High School,Yes,16.3,0.84,7.33,52.05,55.72,0.74,0.66,46.7
Male,32,Graduate,Yes,34.56,0.67,6.34,72.22,58.79,0.58,0.82,36.3
Male,49,High School,Yes,28.95,0.42,12.58,92.37,86.48,0.32,0.71,37.0
Female,36,Graduate,No,29.61,0.85,6.27,66.41,66.92,0.65,0.34,49.4
Female,32,Undergraduate,No,29.55,0.84,11.39,89.98,82.4,0.55,0.67,25.4
Male,23,High School,No,22.38,0.36,8.34,95.73,70.18,0.49,0.54,39.7
Female,30,Undergraduate,No,39.8,0.7,6.54,86.9,75.62,0.3,0.68,30.7
Male,34,Undergraduate,Yes,39.88,0.74,7.69,51.12,48.35,0.54,0.93,46.3
Male,49,High School,Yes,24.09,0.73,7.06,67.99,75.48,0.43,0.54,38.4
Male,31,Graduate,Yes,26.86,0.73,8.68,91.03,56.78,0.78,0.55,37.5
Male,28,Graduate,Yes,24.83,0.91,6.93,90.02,46.21,0.77,0.96,30.0
Other,49,Graduate,No,15.69,0.47,9.9,87.8,55.8,0.99,0.62,26.5
Female,19,Graduate,Yes,27.54,0.41,9.27,54.48,85.69,0.37,0.57,49.8
Male,20,Undergraduate,Yes,24.88,0.55,10.61,64.62,85.73,1.0,0.7,29.1
Female,51,Postgraduate,No,9.19,0.88,4.34,80.24,68.85,0.88,0.8,44.5
Other,34,Undergraduate,Yes,29.9,0.53,9.7,78.04,42.12,0.71,0.33,40.9
Female,49,Undergraduate,No,16.18,0.32,7.58,99.52,42.75,0.15,0.9,40.8
Male,41,High School,Yes,25.07,0.44,16.46,90.58,98.26,0.4,0.69,28.8
Male,59,Graduate,Yes,31.55,0.79,7.32,88.7,73.46,0.48,0.68,39.1
Male,26,Postgraduate,No,49.04,0.35,6.87,90.16,60.48,0.45,0.62,49.1
Male,45,Undergraduate,No,20.22,0.37,6.21,74.17,62.2,0.61,0.59,42.3
Male,44,Undergraduate,No,35.45,0.72,2.93,84.36,81.56,0.56,0.53,41.3
Other,46,Undergraduate,Yes,38.0,0.52,6.3,54.12,43.13,0.95,0.67,39.4
Other,29,Undergraduate,Yes,20.24,0.47,5.03,76.36,68.53,0.72,0.67,45.0
Male,23,High School,No,38.41,0.57,11.22,66.39,77.46,0.93,0.97,18.4
Male,43,Graduate,Yes,49.69,0.85,7.14,71.2,46.0,0.07,0.97,37.7
Male,45,Undergraduate,Yes,36.88,0.33,10.68,62.99,50.47,0.69,0.53,43.2
Male,37,Graduate,No,29.95,0.31,9.34,79.24,65.35,0.07,0.34,41.3
Male,50,Undergraduate,No,51.04,0.69,1.0,58.23,74.4,0.42,0.49,54.1
Male,37,Graduate,No,25.45,0.31,3.51,94.14,85.26,0.55,0.57,46.9
Male,43,High School,No,26.02,0.59,2.38,54.78,62.33,0.66,0.99,37.8
Female,21,Graduate,No,25.8,0.35,11.13,91.59,41.83,0.77,0.79,23.7
Male,25,Undergraduate,No,34.63,0.48,9.62,65.15,85.03,0.35,0.77,25.5
Male,57,High School,Yes,36.97,0.78,14.17,50.35,65.71,0.58,0.75,22.3
Male,17,Undergraduate,Yes,29.77,0.59,9.98,82.51,96.19,0.16,0.54,37.7
Male,18,High School,No,27.17,0.61,9.2,76.83,78.99,0.97,0.81,22.7
Male,48,High School,Yes,35.29,0.86,9.6,75.9,85.7,0.2,0.93,26.8
Other,18,Postgraduate,Yes,45.29,0.79,3.09,66.06,46.47,0.27,0.54,59.2
Other,17,Graduate,Yes,27.79,0.56,8.13,52.87,63.49,0.86,0.85,44.8
Female,52,Graduate,Yes,11.14,0.82,7.42,99.22,57.39,0.7,0.5,41.7
Female,59,High School,No,55.91,0.51,6.21,90.03,90.57,0.69,0.36,38.8
Female,44,Graduate,No,11.39,0.91,6.59,74.77,86.08,0.84,0.71,37.7
Male,50,Undergraduate,No,15.68,0.6,4.85,63.11,62.06,0.99,0.88,25.5
Female,45,Graduate,No,36.08,0.52,10.25,90.22,84.92,0.62,0.99,15.0
Other,19,Undergraduate,No,29.62,0.34,8.17,53.64,64.25,0.48,0.58,46.4
Male,25,Undergraduate,Yes,15.5,0.31,8.91,98.72,59.15,0.32,0.71,38.5
Female,45,Graduate,No,31.0,0.74,10.87,65.33,59.59,0.14,0.55,33.4
Female,46,Undergraduate,No,22.38,0.39,10.71,62.47,43.48,0.13,0.7,38.3
Male,37,Graduate,Yes,27.67,0.87,13.9,98.33,40.47,0.3,0.54,30.2
Male,53,Postgraduate,No,13.06,0.75,10.26,85.92,40.71,0.68,0.69,28.1
Female,16,Graduate,No,22.2,0.69,9.07,60.58,57.98,0.18,0.7,34.0
Other,47,Undergraduate,No,29.95,0.4,8.82,53.01,71.27,0.91,0.36,36.3
Male,37,High School,No,23.31,0.94,5.27,77.72,54.54,0.6,0.75,32.3
Female,28,Undergraduate,No,46.61,0.75,8.12,60.93,51.55,0.48,0.95,24.4
Male,44,Undergraduate,Yes,35.55,0.44,10.23,52.82,55.74,0.43,0.7,39.4
Female,33,Graduate,Yes,31.51,1.0,5.69,94.76,58.86,0.26,0.63,39.9
Other,27,Graduate,Yes,25.46,0.61,9.06,54.35,71.59,0.5,0.85,32.3
Female,21,Postgraduate,Yes,30.33,0.71,8.3,58.4,42.22,0.36,0.46,52.6
Male,26,Postgraduate,No,50.61,0.86,8.75,69.19,78.68,0.62,0.86,20.8
Male,50,Postgraduate,Yes,32.54,0.91,9.59,91.77,51.18,0.69,0.53,29.1
Female,46,Graduate,Yes,35.5,0.74,8.69,69.02,73.46,1.0,0.43,40.7
Other,38,Graduate,Yes,42.53,0.31,10.72,53.86,69.87,0.75,0.35,58.2
Other,53,Undergraduate,Yes,24.17,0.91,9.26,93.47,69.7,0.6,0.92,19.0
Other,17,Undergraduate,Yes,30.59,0.91,6.19,51.54,94.94,0.32,0.91,36.3
Female,44,Graduate,No,11.26,0.77,4.17,84.63,67.42,0.05,0.41,42.7
Male,26,Postgraduate,Yes,25.67,0.65,10.75,85.53,48.46,0.54,0.35,34.3
Other,36,Undergraduate,No,21.05,0.45,10.04,59.95,54.56,0.17,0.81,34.3
Male,21,Undergraduate,No,26.69,0.43,8.22,53.47,48.25,0.15,0.63,38.7
Other,52,Undergraduate,Yes,35.09,0.42,11.22,56.8,47.69,0.01,0.31,53.8
Other,25,High School,No,21.34,0.55,9.12,53.85,55.06,0.85,0.43,32.3
Female,21,Undergraduate,No,24.98,0.35,8.29,50.18,98.68,0.46,0.6,46.3
Female,59,Undergraduate,Yes,15.67,0.84,10.21,63.67,60.87,0.33,0.5,42.0
Male,51,High School,Yes,21.12,0.34,2.34,78.17,61.45,0.6,0.88,49.1
Other,19,Graduate,No,23.02,0.9,12.75,83.33,74.33,0.31,0.6,25.9
Other,36,Postgraduate,Yes,21.91,0.92,14.48,66.36,99.0,0.05,0.7,34.1
Male,50,Undergraduate,No,18.92,0.65,4.05,51.81,88.34,0.55,0.6,39.8
Male,16,Undergraduate,No,35.49,0.87,8.22,66.1,62.74,0.74,0.41,37.0
Female,24,High School,No,41.18,0.8,10.53,93.84,74.93,0.67,0.68,15.9
Female,40,Graduate,Yes,7.86,0.72,5.5,96.83,90.11,0.35,0.8,58.4
Male,42,Graduate,No,35.1,0.84,5.26,72.08,77.1,0.35,0.45,47.3
Female,25,Graduate,Yes,20.44,0.33,8.71,63.0,99.37,0.14,0.98,36.6
Female,23,Graduate,No,26.97,0.46,7.21,57.51,64.29,0.83,0.93,35.4
Male,23,Postgraduate,No,26.13,0.48,13.08,72.56,85.18,0.58,0.92,34.7
Female,23,Undergraduate,Yes,26.39,0.65,8.0,64.65,91.03,0.03,0.76,46.0
Female,48,Undergraduate,Yes,22.88,0.49,7.15,62.47,40.22,0.95,0.77,42.7
Female,51,Undergraduate,Yes,25.83,0.6,9.81,86.95,98.13,0.51,0.98,31.1
Female,58,High School,Yes,14.08,0.39,12.44,54.38,47.65,0.07,0.67,43.9
Female,37,Undergraduate,Yes,28.71,0.51,7.82,76.08,61.03,0.48,0.59,38.1
Other,38,Graduate,Yes,36.43,0.95,10.66,99.34,48.18,0.5,0.73,25.9
Female,22,Undergraduate,Yes,30.36,0.77,5.21,58.87,92.99,0.35,0.37,54.3
Male,29,Graduate,Yes,14.21,0.52,9.43,94.46,95.5,0.86,0.45,24.3
Female,58,Undergraduate,No,45.19,0.31,13.13,64.79,98.05,0.95,0.74,15.3
Male,21,Postgraduate,No,25.52,0.47,9.68,79.18,40.19,0.86,0.55,27.9
Female,23,Undergraduate,No,47.93,0.53,3.9,60.15,55.64,0.55,0.39,54.4
Other,33,Postgraduate,No,20.3,0.4,8.7,78.65,83.23,0.28,0.96,40.0
Male,47,Undergraduate,No,27.03,0.71,5.63,96.24,89.55,0.46,0.33,42.3
Other,29,High School,Yes,33.4,0.65,6.03,81.19,99.75,0.64,0.86,34.3
Male,33,Graduate,No,41.23,0.68,9.31,70.35,93.62,0.73,0.71,35.9
Other,22,Graduate,No,8.78,0.95,5.99,63.28,41.67,0.38,0.42,56.7
Other,41,Undergraduate,No,34.99,0.96,7.03,55.64,64.34,0.98,0.67,33.4
Male,58,High School,No,32.77,0.33,8.77,69.66,42.01,0.86,0.4,37.5
Female,57,High School,Yes,37.58,0.48,7.87,86.83,58.6,0.14,0.44,50.0
Other,48,Undergraduate,No,35.55,0.87,6.9,83.91,77.01,0.89,0.63,33.1
Other,28,Graduate,No,20.52,0.7,7.92,92.77,89.25,0.24,0.93,26.2
Other,28,Undergraduate,Yes,25.03,0.71,6.86,57.98,71.89,0.24,0.85,43.9
Male,27,Undergraduate,Yes,35.17,0.65,11.15,90.88,87.49,0.75,0.64,25.8
Other,26,Undergraduate,Yes,21.44,0.6,6.3,59.33,99.27,0.15,1.0,41.2
Male,20,Graduate,Yes,29.4,0.99,5.49,58.38,80.08,0.03,0.94,46.4
Male,38,High School,Yes,42.36,0.42,7.69,86.56,63.88,0.84,0.91,28.5
Male,23,High School,Yes,37.91,0.98,12.47,81.65,81.67,0.36,0.92,15.0
Other,19,High School,Yes,35.04,0.37,8.78,79.77,40.56,0.33,0.67,43.7
Female,31,Graduate,No,30.85,0.74,9.73,56.78,42.09,0.91,0.5,34.0
Female,52,Graduate,No,27.97,0.49,4.99,56.12,91.1,0.14,0.35,44.1
Other,41,Graduate,No,35.82,0.77,4.87,51.36,81.82,0.97,0.53,36.1
Female,32,Graduate,Yes,42.59,0.72,8.09,84.14,63.55,0.91,0.82,34.0
Male,26,Undergraduate,No,39.35,0.86,4.35,52.19,92.64,0.2,0.42,43.7
Female,45,Postgraduate,No,40.62,0.61,6.57,72.63,77.13,0.05,0.33,38.7
Female,50,Graduate,No,23.67,0.53,7.82,59.07,70.8,0.09,0.32,51.5
Other,59,Graduate,No,34.16,0.82,6.27,77.48,92.8,0.89,0.92,22.8
Female,29,Undergraduate,Yes,43.51,0.56,10.76,56.83,84.51,0.75,0.89,28.8
Female,40,High School,Yes,40.11,0.56,6.15,90.14,44.17,0.53,0.69,43.3
Female,37,Undergraduate,No,21.4,0.7,2.81,70.53,80.12,0.03,0.64,52.3
Other,47,Undergraduate,No,21.27,0.74,8.55,80.66,64.53,0.39,0.85,32.8
Other,25,Graduate,No,32.72,0.36,8.9,96.38,79.7,0.61,0.84,29.8
Other,22,Undergraduate,Yes,20.87,0.4,6.65,58.18,86.46,0.51,0.6,43.3
Female,26,Graduate,Yes,33.07,0.89,9.55,93.35,47.48,0.82,0.7,30.5
Male,37,Undergraduate,Yes,35.28,0.7,14.77,68.88,94.52,0.04,0.3,35.0
Male,54,High School,No,30.03,0.91,11.25,65.92,44.84,0.24,0.83,34.5
Female,44,Graduate,No,39.46,0.63,11.99,78.5,80.81,0.74,0.41,23.9
Other,22,Undergraduate,No,24.99,1.0,12.23,87.61,68.17,0.56,0.86,18.5
Female,30,High School,No,22.87,0.96,11.73,75.65,49.18,0.19,0.32,43.0
Female,35,Graduate,No,43.86,0.53,12.68,62.49,63.68,0.67,0.87,26.6
Other,30,High School,Yes,22.0,0.97,8.26,84.42,69.45,0.48,0.34,42.1
Male,48,Undergraduate,No,31.19,0.9,7.14,75.64,89.71,0.33,0.54,30.7
Other,28,Graduate,Yes,23.24,0.48,11.56,85.85,59.18,0.1,0.86,36.9
Female,31,Undergraduate,Yes,42.4,0.71,4.76,77.58,82.87,0.25,0.98,42.8
Male,27,Graduate,Yes,30.03,0.48,4.73,53.71,41.49,0.72,0.66,43.2
Other,28,Undergraduate,Yes,22.19,0.68,4.27,89.98,99.67,0.02,0.84,49.1
Other,49,Postgraduate,No,39.09,0.45,10.12,70.2,89.35,0.88,0.91,23.7
Other,22,High School,Yes,45.14,0.96,1.0,97.93,80.18,0.35,0.98,36.7
Female,18,Graduate,Yes,24.71,0.58,6.03,74.94,61.37,0.11,0.82,49.0
Female,54,Graduate,No,6.52,0.47,5.37,67.68,67.5,0.52,0.95,42.3
Other,22,Undergraduate,Yes,32.06,0.81,14.04,66.79,56.15,0.78,0.79,17.0
Other,32,Graduate,No,45.86,0.93,5.97,62.63,97.79,0.22,0.84,37.5
Female,25,Undergraduate,Yes,33.07,0.31,7.66,53.42,41.27,0.05,0.69,53.6
Other,18,Undergraduate,Yes,45.76,0.95,9.17,84.85,43.2,0.14,0.46,41.9
Male,35,Graduate,Yes,25.79,0.37,6.08,54.51,96.85,0.7,0.96,44.4
Female,29,High School,Yes,32.62,0.38,6.09,67.08,69.11,1.0,0.7,37.1
Male,56,Undergraduate,No,20.7,0.55,11.67,56.57,74.76,0.46,0.33,42.4
Other,44,Undergraduate,No,29.85,0.62,5.65,64.8,65.84,0.86,0.38,40.8
Male,58,Undergraduate,No,30.62,0.9,6.01,82.29,91.19,0.22,0.77,25.6
Female,32,Graduate,Yes,29.19,0.36,7.64,70.82,60.09,0.22,0.73,42.4
Male,49,Undergraduate,No,34.0,0.76,5.27,99.21,41.97,0.15,0.73,37.2
Male,20,High School,No,31.84,0.33,5.59,97.25,96.33,0.16,0.57,38.1
Male,22,Undergraduate,No,34.32,0.3,9.13,69.23,81.9,0.07,0.45,42.5
Other,42,Graduate,Yes,14.47,0.52,11.48,73.87,42.7,0.18,0.95,31.8
Other,21,Graduate,Yes,35.61,0.45,7.35,96.76,86.9,0.4,0.31,46.1
Female,18,Postgraduate,No,24.45,0.49,1.82,84.64,54.75,0.45,0.89,35.4
Male,27,Undergraduate,Yes,42.0,0.63,4.68,95.85,40.06,0.24,0.94,41.6
Male,49,High School,Yes,24.38,0.38,7.26,62.38,59.89,0.51,0.59,53.4
Male,52,Undergraduate,Yes,26.44,0.34,2.48,51.07,45.54,0.76,0.79,53.4
Male,18,High School,No,28.73,0.5,15.02,73.36,80.58,0.57,0.7,15.0
Other,17,High School,Yes,37.67,0.57,5.95,76.16,98.33,0.05,0.87,46.1
Female,43,Undergraduate,Yes,29.49,0.38,11.98,64.77,43.88,0.5,0.71,39.5
Female,38,Postgraduate,Yes,35.26,0.6,8.62,89.58,64.81,0.51,0.81,31.5
Other,19,High School,No,44.82,0.91,3.57,80.23,77.86,0.78,0.87,34.2
Other,44,Undergraduate,Yes,33.37,0.67,11.55,77.3,65.41,0.3,0.35,33.0
Male,36,Postgraduate,Yes,15.75,0.74,8.39,53.05,40.21,0.8,0.64,42.3
Other,27,High School,No,17.3,0.58,4.52,97.33,79.62,0.02,0.65,40.1
Male,52,High School,No,21.18,0.35,9.25,65.43,88.4,0.2,0.77,44.0
Other,26,Graduate,No,35.33,0.7,10.56,97.6,90.09,0.68,0.67,15.0
Female,24,Graduate,No,21.72,0.39,6.8,71.75,98.96,0.01,0.9,44.9
Female,16,Undergraduate,Yes,33.98,0.48,12.1,92.96,84.6,0.84,0.41,30.6
Female,51,Graduate,No,33.38,0.66,11.12,84.7,80.97,0.01,0.78,23.3
Other,48,High School,No,31.07,0.36,3.72,55.46,69.83,0.18,0.63,51.3
Male,55,Graduate,Yes,24.21,0.79,6.76,71.26,70.82,1.0,0.85,31.5
Other,56,Undergraduate,No,42.86,0.38,10.32,74.77,88.52,0.55,0.89,29.3
Male,50,Graduate,Yes,41.23,0.73,8.11,87.41,42.13,0.49,0.34,48.0
Male,31,High School,No,39.02,0.79,1.32,70.55,47.7,0.2,0.88,48.5
Other,19,High School,Yes,47.08,0.58,7.81,76.51,84.35,0.83,0.99,37.1
Male,17,Graduate,No,36.38,0.78,3.58,52.6,46.87,0.93,0.86,35.8
Other,35,Graduate,Yes,28.39,0.48,8.3,90.5,62.63,0.68,0.53,45.3
Female,42,Postgraduate,No,25.3,0.54,9.27,83.24,69.16,0.12,0.85,33.1
Male,27,Undergraduate,No,21.08,0.85,3.47,61.14,52.03,0.31,0.67,51.7
Female,57,Postgraduate,No,13.38,0.5,9.51,87.16,56.33,0.03,0.77,30.2
Other,45,Graduate,No,13.25,0.47,10.78,77.62,89.94,0.75,0.48,35.7
Male,19,Undergraduate,Yes,22.76,0.87,13.12,56.21,50.02,0.02,0.86,21.3
Male,27,Undergraduate,Yes,47.53,0.51,5.52,51.13,51.01,0.54,0.53,50.9
Female,27,Undergraduate,Yes,26.07,0.72,9.14,79.82,67.11,0.02,0.76,41.1
Other,24,High School,Yes,33.96,0.45,9.87,93.67,80.9,0.65,0.83,25.3
Female,57,High School,Yes,11.66,0.58,9.73,71.72,55.08,0.34,0.98,33.8
Male,51,Undergraduate,Yes,27.07,0.54,9.68,70.99,57.03,0.08,0.99,38.1
Other,50,Undergraduate,Yes,33.53,0.78,4.87,50.11,86.64,0.51,0.43,56.8
Other,50,Undergraduate,Yes,16.06,0.43,11.25,90.86,43.82,0.3,0.35,48.9
Other,35,Graduate,No,41.84,0.82,6.29,75.71,66.98,0.03,0.88,36.7
Female,48,Undergraduate,Yes,23.43,0.52,9.08,62.71,99.47,0.74,0.82,43.3
Other,17,Postgraduate,Yes,43.79,0.99,7.64,53.18,66.81,0.5,0.4,40.5
Other,20,High School,No,31.33,0.55,4.68,75.26,68.96,0.66,0.98,43.0
Male,27,High School,Yes,21.98,0.75,9.18,89.25,88.63,0.19,0.77,38.8
Other,58,Undergraduate,Yes,18.44,0.81,9.03,76.58,64.03,0.92,0.82,19.8
Female,58,High School,No,5.0,0.44,7.42,83.26,81.07,0.19,0.96,53.5
Other,53,Graduate,No,37.09,0.54,10.19,65.1,65.63,0.18,0.51,28.1
Male,39,Postgraduate,No,36.96,0.89,3.79,92.17,83.78,0.77,0.82,20.5
Other,42,High School,Yes,16.27,0.35,14.07,75.16,90.84,0.57,0.6,33.1
Other,24,Graduate,Yes,34.69,0.79,2.2,61.92,76.43,0.17,0.41,55.8
Female,34,Graduate,No,25.41,0.68,9.75,87.22,75.58,1.0,0.73,25.3
Male,29,Graduate,No,33.68,0.32,8.53,54.15,89.58,0.38,0.39,46.8
Male,27,High School,Yes,19.0,0.78,12.86,86.65,67.95,0.38,0.51,30.9
Male,52,Undergraduate,No,26.24,0.96,9.43,83.86,87.94,0.54,0.46,27.0
Other,42,Graduate,No,31.56,0.36,9.65,73.06,87.47,0.99,0.46,36.7
Male,49,Undergraduate,Yes,50.48,0.34,7.21,69.06,48.44,0.8,0.41,46.8
Female,50,Undergraduate,No,32.25,0.32,9.81,67.53,83.05,0.93,0.37,42.5
Female,23,Graduate,Yes,36.61,0.85,7.54,53.16,40.69,0.85,0.63,40.8
Female,53,Graduate,No,37.27,0.32,3.19,98.89,82.42,0.76,0.76,37.5
Other,24,High School,No,47.48,0.55,4.4,75.77,50.83,0.92,0.94,48.2
Other,52,Undergraduate,No,31.87,0.76,3.3,61.52,78.05,0.01,0.35,60.1
Other,53,Graduate,No,22.61,0.87,8.85,71.77,88.91,0.85,0.6,30.6
Female,38,Undergraduate,Yes,35.82,0.78,9.12,74.14,80.52,0.13,0.89,31.0
Male,33,Postgraduate,Yes,29.47,0.39,7.68,57.06,55.61,0.99,0.78,42.1
Male,31,Graduate,Yes,15.15,0.93,8.46,59.79,43.29,0.83,0.56,36.0
Other,16,Undergraduate,No,26.04,0.35,1.44,50.26,67.57,0.48,0.56,53.1
Female,26,High School,Yes,19.66,0.33,7.79,51.2,57.02,0.14,0.45,54.1
Other,26,Undergraduate,No,6.55,0.91,14.56,67.63,82.39,0.49,0.95,21.5
Other,41,Graduate,Yes,39.79,0.33,10.81,89.56,85.82,0.33,0.52,33.3
Other,54,Undergraduate,Yes,42.01,0.54,5.93,86.69,56.04,0.65,0.53,50.1
Male,48,Undergraduate,No,51.53,0.44,2.9,75.83,95.16,0.31,0.52,53.5
Male,33,High School,Yes,21.88,0.45,7.15,83.72,71.35,0.7,0.58,31.8
Other,51,High School,Yes,24.46,0.79,11.41,68.0,52.99,0.62,0.89,29.3
Male,30,High School,Yes,38.34,0.8,6.49,63.53,73.17,0.93,0.68,38.0
Other,57,High School,No,14.69,0.56,12.03,80.33,77.52,0.12,0.47,31.4
Male,35,High School,Yes,43.73,0.85,8.01,66.65,48.54,0.22,0.55,41.0
Other,16,High School,No,18.68,0.47,1.9,53.9,79.66,0.59,0.78,47.3
Female,26,Graduate,No,32.51,0.33,7.86,63.96,85.65,0.42,0.88,29.8
Male,31,High School,No,23.43,0.6,6.42,95.47,61.65,0.19,0.4,46.2
Female,23,Undergraduate,Yes,38.12,0.65,10.55,56.26,93.55,0.71,0.97,26.3
Female,50,High School,No,33.48,0.94,9.41,86.82,54.97,0.61,0.83,23.0
Male,30,Undergraduate,No,41.53,0.58,9.08,83.04,61.43,0.67,0.79,17.0
Male,53,Graduate,No,28.75,0.81,8.47,86.58,49.34,0.35,0.65,27.1
Other,54,High School,No,24.99,0.88,5.92,88.97,80.82,0.15,0.93,30.8
Male,38,Undergraduate,Yes,29.25,0.49,10.17,64.77,84.28,0.19,0.86,38.5
Other,23,Graduate,No,31.12,0.63,6.53,50.11,41.74,0.21,0.98,36.5
Male,51,Undergraduate,Yes,25.66,0.57,10.27,83.2,40.72,0.23,0.77,35.9
Other,52,High School,Yes,31.56,0.36,3.64,89.86,81.62,0.88,0.8,45.7
Male,45,Graduate,Yes,22.84,0.82,8.88,55.02,61.21,0.02,0.94,39.9
Female,42,Undergraduate,No,37.94,0.4,1.0,68.22,63.66,0.39,0.46,60.3
Female,26,Undergraduate,No,12.93,0.72,11.65,96.3,61.95,0.5,0.8,17.7
Other,42,Undergraduate,No,35.5,0.66,5.47,80.85,57.46,0.64,0.91,46.5
Male,41,Undergraduate,No,29.57,0.33,6.39,72.85,56.39,0.88,0.72,45.8
Male,49,Undergraduate,Yes,31.18,0.91,6.91,75.51,95.77,0.78,0.32,35.8
Female,21,Undergraduate,Yes,26.46,0.99,7.73,85.5,64.32,0.45,0.81,33.1
Other,39,Graduate,Yes,42.77,0.97,6.49,76.38,62.3,0.49,0.62,49.8
Female,22,Graduate,Yes,14.73,0.56,11.48,72.05,66.79,0.63,0.35,49.3
Other,22,High School,Yes,53.47,0.57,11.24,54.23,56.98,0.64,0.73,34.1
Other,33,Undergraduate,No,8.0,0.68,13.55,60.86,79.15,0.29,0.46,42.0
Female,49,Undergraduate,Yes,31.98,0.73,1.0,65.12,72.02,0.35,0.37,56.1
Male,36,Graduate,No,35.43,0.8,10.86,81.58,90.41,0.94,0.83,23.2
Male,35,Undergraduate,Yes,24.31,0.56,10.03,71.36,85.97,0.15,0.69,42.0
Male,39,Graduate,No,19.33,0.78,4.38,93.08,76.07,0.81,0.85,33.5
Female,30,Graduate,Yes,27.95,0.49,10.99,99.0,83.91,0.39,0.32,46.6
Male,40,Undergraduate,No,41.94,0.77,12.67,86.14,55.2,0.18,0.51,32.3
Other,52,Graduate,Yes,42.76,0.42,5.31,52.79,46.78,0.29,0.77,48.9
Female,36,Undergraduate,Yes,22.16,0.77,5.98,62.95,87.08,0.36,0.94,33.4
Male,20,Undergraduate,No,48.58,0.74,11.33,70.32,92.35,0.6,0.39,37.9
Male,35,Undergraduate,No,33.58,0.91,13.47,99.75,49.5,0.05,0.77,26.4
Other,40,Graduate,Yes,31.16,0.42,9.09,94.83,62.49,0.15,0.63,36.9
Female,29,Undergraduate,No,37.64,0.77,9.65,74.68,98.03,0.13,0.96,28.9
Female,34,Graduate,Yes,20.22,0.33,6.51,63.98,40.69,1.0,0.71,48.1
Male,34,Undergraduate,No,28.46,0.98,10.11,66.55,48.47,0.23,0.72,30.0
Male,35,High School,No,36.08,0.95,6.64,80.7,63.14,0.35,0.76,42.6
Female,32,Graduate,Yes,5.0,0.61,6.74,56.31,70.46,0.89,0.98,40.5
Female,36,High School,Yes,27.93,0.84,10.79,88.07,81.49,0.93,0.32,30.5
Female,33,Undergraduate,Yes,17.99,0.67,10.66,90.72,86.85,0.72,0.63,37.1
Other,55,High School,No,24.29,0.89,14.32,60.58,68.5,0.16,0.84,23.2
Other,22,Graduate,No,54.99,0.57,7.57,61.55,47.4,0.34,0.48,42.1
Female,30,Undergraduate,Yes,40.08,0.63,9.27,58.37,86.43,0.62,0.46,31.4
Female,32,Graduate,Yes,35.3,0.91,7.51,52.21,43.56,0.11,0.77,35.8
Other,57,Postgraduate,Yes,19.04,0.42,8.17,74.71,68.75,0.99,0.34,47.9
Male,49,High School,No,34.57,0.93,12.99,61.1,96.79,0.05,0.95,31.5
Male,25,Undergraduate,No,23.68,0.89,5.88,72.37,93.85,0.63,0.45,44.0
Female,23,Graduate,No,42.0,0.39,5.47,70.14,64.45,0.26,0.47,52.8
Other,39,Graduate,No,29.81,0.41,8.65,80.05,92.93,0.39,0.74,29.1
Male,56,High School,Yes,53.3,0.45,12.52,84.71,70.91,0.81,0.9,19.3
Other,39,Undergraduate,No,45.17,0.93,10.06,73.99,60.78,0.99,0.55,25.0
Male,59,Undergraduate,No,25.62,0.39,9.75,66.23,46.99,0.29,0.52,42.7
Female,52,Undergraduate,Yes,26.5,0.4,3.49,83.19,55.27,0.64,0.37,55.8
Female,37,Graduate,No,47.75,0.73,4.71,70.67,56.79,0.06,0.44,51.2
Male,29,High School,No,25.37,0.36,9.12,68.51,44.73,0.32,0.5,36.7
Male,46,High School,Yes,37.74,0.55,10.08,86.84,72.96,0.56,0.58,47.1
Female,34,Graduate,No,39.84,0.97,9.51,79.43,72.23,0.49,0.38,36.5
Male,55,Graduate,No,15.21,0.61,7.71,81.71,84.45,0.04,0.67,36.0
Other,18,Undergraduate,No,30.17,0.48,8.08,57.1,56.6,0.89,0.43,38.5
Female,35,High School,No,14.46,0.6,8.64,80.4,66.06,0.63,0.6,38.0
Female,52,Undergraduate,No,39.9,0.98,3.94,50.02,68.15,0.13,0.31,50.9
Other,31,Graduate,Yes,28.24,0.79,1.53,91.94,44.55,0.92,0.36,53.1
Female,51,High School,Yes,33.18,0.5,5.27,72.02,96.79,0.59,0.91,41.3
Other,44,Graduate,Yes,23.48,0.7,10.58,76.37,53.45,0.94,0.56,35.8
Other,50,Undergraduate,Yes,19.28,0.48,9.68,61.86,92.05,0.24,0.53,37.6
Other,30,Graduate,No,21.67,0.35,9.88,61.01,66.36,0.56,0.47,31.9
Other,35,Undergraduate,No,31.23,0.91,13.76,50.29,41.57,0.66,0.45,23.3
Male,34,High School,No,35.65,0.92,9.87,50.02,83.02,0.15,0.92,30.2
Male,39,Undergraduate,No,29.18,0.4,7.72,81.4,41.29,0.05,0.73,46.6
Female,29,High School,Yes,32.92,0.72,8.85,66.0,54.47,0.18,0.87,36.0
Female,24,Undergraduate,Yes,42.71,0.38,8.16,59.0,62.3,0.08,0.64,57.1
Male,31,Undergraduate,No,36.45,0.47,10.01,67.87,78.21,0.22,0.63,41.7
Other,21,High School,No,39.58,0.91,1.0,68.39,42.49,0.53,0.75,45.0
Other,31,Undergraduate,No,23.09,0.83,4.27,60.16,81.21,0.17,0.96,28.8
Other,43,Graduate,Yes,31.12,0.38,7.81,88.43,71.73,0.5,0.83,52.6
Other,43,Graduate,No,39.45,0.8,12.8,74.96,71.07,0.08,0.84,28.4
Other,29,Graduate,Yes,31.31,0.79,1.0,63.0,91.69,0.56,0.39,66.8
Female,22,Graduate,Yes,20.73,0.81,10.24,83.73,96.72,0.58,0.78,38.3
Female,39,Undergraduate,Yes,15.37,0.53,4.92,78.13,42.81,0.93,0.41,51.4
Male,55,Undergraduate,No,23.39,0.96,11.14,65.58,65.85,0.09,0.86,22.8
Female,21,Graduate,No,53.41,0.87,6.31,58.35,58.17,0.8,0.57,47.0
Male,54,Undergraduate,No,17.96,0.57,8.22,95.26,77.72,0.09,0.65,46.9
Other,28,Graduate,Yes,28.7,0.84,9.43,76.88,94.12,0.08,0.5,46.3
Male,47,High School,No,47.6,0.59,8.12,61.15,84.12,0.94,0.61,32.5
Other,35,High School,No,21.9,0.55,10.87,78.56,94.07,0.57,0.98,22.7
Female,21,Undergraduate,Yes,26.15,0.84,9.29,66.09,45.27,0.32,0.42,49.6
Female,16,Graduate,No,27.33,0.8,10.07,68.87,66.77,0.31,0.34,35.7
Male,40,Undergraduate,No,23.97,0.48,7.93,96.34,63.86,0.26,0.36,42.9
Other,35,High School,Yes,28.19,0.89,8.25,97.44,51.97,0.42,0.74,35.4
Female,31,Graduate,Yes,14.95,0.49,5.51,71.61,59.96,0.63,0.39,58.9
Male,29,Undergraduate,No,27.5,0.71,12.47,77.3,89.87,0.45,0.54,27.0
Male,43,Postgraduate,Yes,17.84,0.37,4.71,66.54,89.54,0.92,0.6,54.7
Female,33,High School,No,28.19,0.46,10.25,95.52,79.65,0.51,0.7,28.7
Male,23,Undergraduate,Yes,43.01,0.43,9.13,79.29,40.68,0.87,0.65,44.0
Female,41,Undergraduate,Yes,43.5,0.32,8.52,69.47,41.15,0.01,0.93,39.8
Other,47,High School,Yes,25.46,0.58,9.11,73.97,90.44,0.62,0.31,38.7
Male,17,Graduate,No,35.58,0.37,9.17,88.4,64.18,0.07,0.67,40.6
Male,40,Postgraduate,Yes,30.04,0.36,8.9,96.44,89.78,0.79,0.34,41.7
Other,59,Graduate,Yes,38.74,0.46,7.92,99.37,94.74,0.91,0.8,29.5
Other,32,Graduate,No,34.43,0.36,8.72,79.22,86.36,0.32,0.63,36.7
Other,27,High School,Yes,32.79,0.66,10.99,84.36,87.42,0.75,0.62,37.6
Male,37,Graduate,No,15.09,0.85,5.86,76.4,41.94,0.13,0.39,47.3
Male,19,Undergraduate,No,5.0,0.76,5.44,81.75,63.41,0.07,0.5,61.2
Other,18,Undergraduate,No,31.04,0.96,12.33,69.76,51.52,0.15,0.5,17.9
Other,47,Graduate,Yes,26.79,0.41,7.12,90.51,73.76,0.5,0.85,48.7
Male,32,Graduate,No,42.52,0.5,10.28,88.35,78.19,0.84,0.81,18.7
Other,38,Graduate,Yes,36.18,0.38,6.41,99.8,93.8,0.15,0.54,50.9
Other,48,Undergraduate,Yes,26.57,0.33,7.17,81.38,59.98,0.76,0.59,51.3
Female,55,Undergraduate,No,29.72,1.0,4.29,81.17,59.78,0.91,0.57,40.5
Other,24,High School,Yes,28.85,0.54,4.52,87.86,72.91,0.12,0.39,58.9
Male,17,Graduate,Yes,26.37,0.32,13.03,50.45,85.35,0.34,0.44,43.4
Female,25,Undergraduate,No,24.9,0.3,8.73,89.52,98.13,0.51,0.98,26.1
Female,50,Postgraduate,No,28.23,0.46,7.11,64.85,84.44,0.47,0.39,38.8
Other,28,Graduate,Yes,15.93,0.56,13.62,66.4,56.91,0.67,0.63,30.5
Other,57,Undergraduate,Yes,41.37,0.83,11.72,87.41,62.62,0.15,0.44,38.3
Female,41,Undergraduate,Yes,17.68,0.35,6.84,55.01,56.37,0.18,0.39,53.6
Male,55,High School,Yes,36.19,0.54,6.13,88.76,49.94,0.81,0.55,46.3
Other,48,High School,Yes,25.32,0.89,5.56,81.12,85.86,0.2,0.63,40.9
Other,34,Graduate,No,34.2,0.54,7.95,99.83,89.25,0.28,0.6,32.3
Male,49,Postgraduate,No,35.09,0.57,7.1,91.05,98.23,0.2,0.74,34.5
Other,46,High School,No,20.34,0.93,10.82,54.19,85.63,0.93,0.31,23.2
Female,19,Postgraduate,Yes,39.18,0.48,8.84,80.84,69.77,0.97,0.4,30.4
Male,45,Undergraduate,No,28.76,0.39,2.2,72.11,75.23,0.71,0.51,56.0
Male,19,High School,No,31.21,0.57,14.76,92.8,64.06,0.98,0.45,27.1
Other,55,Graduate,No,8.01,0.83,12.06,53.02,83.56,0.33,0.54,38.0
Other,23,Graduate,No,30.91,0.95,7.87,80.75,84.86,0.73,0.89,27.2
Male,27,Undergraduate,Yes,43.06,0.81,10.69,72.58,73.25,0.08,0.63,38.6
Male,23,Undergraduate,No,26.51,0.5,9.51,60.72,68.85,0.45,0.43,32.7
Other,49,Graduate,Yes,19.47,0.52,4.25,75.02,65.51,0.76,0.34,55.1
Female,50,High School,No,19.76,0.96,9.59,64.08,42.64,0.18,0.68,35.6
Other,34,Graduate,Yes,35.02,0.97,8.74,64.39,90.96,0.76,0.6,38.7
Male,37,High School,No,29.09,0.33,8.1,78.88,41.25,0.23,0.41,44.8
Male,54,High School,Yes,40.62,0.96,4.61,86.75,45.94,0.61,0.97,33.2
Other,39,Graduate,Yes,29.73,0.64,4.33,74.34,84.82,0.07,0.81,43.7
Other,33,Undergraduate,Yes,35.03,0.52,10.26,84.86,75.05,0.14,0.69,34.6
Male,33,Undergraduate,No,29.04,0.84,7.59,98.14,70.74,0.9,0.59,35.3
Other,37,Undergraduate,No,39.61,0.97,1.0,54.75,57.38,0.79,0.87,50.8
Male,55,Graduate,Yes,27.78,0.59,10.1,55.59,65.49,0.53,0.9,32.5
Female,47,Undergraduate,Yes,5.51,0.9,9.1,52.86,42.01,0.84,0.32,47.4
Other,40,Undergraduate,Yes,44.53,0.97,5.93,71.21,75.03,0.25,0.71,31.9
Male,42,High School,Yes,26.29,0.46,12.98,66.1,80.34,0.93,0.33,40.3
Female,46,Postgraduate,No,33.91,0.3,3.84,81.02,53.22,0.38,0.85,46.8
Other,23,Undergraduate,No,13.97,0.76,12.84,55.56,79.64,0.65,0.79,15.0
Female,25,High School,Yes,35.76,0.73,4.03,60.54,49.51,0.2,0.31,59.4
Other,26,Undergraduate,Yes,36.4,0.73,8.38,67.61,99.44,0.3,0.52,46.9
Male,19,Undergraduate,Yes,29.96,0.45,8.31,93.46,76.77,0.64,0.51,39.7
Female,22,Postgraduate,No,18.65,0.95,5.75,88.76,92.98,0.53,0.71,23.4
Other,36,Graduate,No,14.57,0.42,8.09,69.01,69.15,0.42,0.4,42.3
Other,51,High School,Yes,39.9,0.61,14.3,84.66,79.4,0.34,0.38,39.6
Other,33,Undergraduate,No,19.95,0.77,9.35,92.15,78.94,0.97,0.66,29.8
Other,19,Undergraduate,No,21.65,0.45,10.03,76.02,89.58,0.61,0.77,23.9
Other,35,Undergraduate,No,28.33,0.57,11.54,56.31,75.15,0.03,0.93,35.7
Male,57,Graduate,Yes,32.28,0.54,8.57,73.32,73.41,0.21,0.99,36.6
Female,29,Undergraduate,No,58.82,0.68,3.76,87.31,91.94,0.84,0.47,31.4
Male,55,High School,No,25.01,0.39,6.28,51.27,61.37,0.62,0.44,38.5
Male,53,High School,No,18.85,0.34,13.94,51.76,52.14,0.57,0.84,26.1
Female,33,Graduate,No,24.78,0.83,9.24,65.65,46.25,0.7,0.48,34.0
Male,29,Postgraduate,No,33.59,0.69,5.65,77.68,65.0,0.27,0.39,43.7
Male,31,Graduate,Yes,23.53,0.3,7.98,94.46,82.7,0.64,0.57,49.4
Female,52,Undergraduate,No,27.03,0.5,14.05,76.47,44.24,0.88,0.99,19.2
Female,51,Undergraduate,No,28.03,0.72,9.98,94.57,51.22,0.28,0.49,31.6
Other,50,High School,No,36.78,0.77,10.72,52.3,69.71,0.29,0.69,25.6
Other,55,Undergraduate,No,41.91,0.86,6.75,99.43,50.95,0.08,0.67,41.3
Male,31,Graduate,No,26.82,0.38,6.89,56.24,97.83,0.18,0.3,57.4
Female,49,Graduate,No,44.34,0.69,4.85,63.61,42.61,0.12,0.58,52.1
Female,42,High School,Yes,32.63,0.45,8.89,74.72,58.2,0.22,0.79,42.2
Female,56,Undergraduate,Yes,35.9,0.8,8.08,81.48,87.46,0.35,0.31,42.3
Male,17,Undergraduate,Yes,18.22,0.84,5.7,51.19,55.35,0.93,0.3,45.9
Other,39,Undergraduate,Yes,38.8,0.68,7.21,83.1,91.44,0.26,0.7,49.2
Male,26,Graduate,No,38.95,0.88,6.4,62.01,62.59,0.18,0.74,33.1
Female,34,Undergraduate,No,30.53,0.59,7.62,51.5,86.64,0.52,0.8,42.0
Female,27,Graduate,No,40.63,0.38,6.78,87.99,45.76,0.84,0.5,36.7
Female,25,Undergraduate,Yes,39.06,0.65,6.86,91.31,91.71,0.48,0.6,37.8
Male,24,Undergraduate,No,12.47,0.52,13.91,84.77,87.84,0.31,0.71,30.9
Female,35,Undergraduate,Yes,25.15,0.73,7.79,91.16,48.52,0.22,0.75,26.8
Other,31,Undergraduate,Yes,30.01,0.98,10.15,78.26,45.03,0.5,0.4,36.9
Other,29,High School,Yes,20.23,0.59,11.24,87.23,67.41,0.55,0.69,24.3
Female,43,Graduate,No,26.55,0.62,7.37,50.38,86.89,0.5,0.65,36.0
Other,17,Graduate,No,17.57,0.43,7.8,92.86,85.28,0.6,0.91,31.4
Female,44,High School,Yes,21.7,0.97,4.91,99.75,54.21,0.33,0.6,35.8
Other,20,Undergraduate,No,34.6,0.98,9.9,83.36,87.09,0.81,0.7,25.0
Female,26,Undergraduate,Yes,35.47,0.38,7.0,70.61,59.11,0.6,0.33,47.3
Other,36,Graduate,Yes,32.63,0.59,8.88,54.9,65.49,0.26,0.59,42.3
Male,24,High School,No,28.15,0.56,8.32,85.22,66.56,0.78,0.83,26.5
Other,30,Undergraduate,Yes,34.85,0.76,8.9,85.04,41.83,0.35,0.66,38.1
Female,29,Undergraduate,Yes,18.98,0.42,7.21,63.64,47.12,0.03,0.54,53.8
Female,20,Undergraduate,No,16.49,0.6,9.47,79.51,91.94,0.44,0.73,26.8
Female,16,Undergraduate,Yes,30.49,0.94,11.22,75.95,56.28,0.99,0.43,30.6
Male,18,Graduate,No,39.83,0.81,8.79,65.32,60.35,0.42,0.53,31.0
Other,39,Undergraduate,Yes,21.25,0.89,6.33,77.79,71.94,0.3,0.47,31.7
Male,47,Undergraduate,Yes,17.88,0.54,3.68,92.85,48.76,0.75,0.61,41.2
Female,34,Postgraduate,No,13.39,0.38,4.91,87.79,84.86,0.16,0.39,62.6
Female,22,High School,Yes,48.08,0.47,9.44,69.32,90.14,0.8,0.4,42.5
Female,21,Graduate,Yes,39.43,0.75,9.1,99.54,82.73,0.35,0.79,35.7
Male,46,Postgraduate,Yes,31.46,0.77,7.61,92.69,93.61,0.97,0.31,36.2
Female,33,Postgraduate,No,30.48,0.92,9.85,87.24,85.36,0.58,0.54,21.5
Other,58,Undergraduate,No,19.6,0.91,13.38,79.62,93.5,0.23,0.72,20.2
Other,16,Undergraduate,No,27.84,0.64,5.26,70.43,69.42,0.47,0.68,42.0
Female,52,Postgraduate,Yes,28.37,0.6,7.81,84.23,95.5,0.22,0.82,47.4
Female,50,Graduate,No,32.32,0.56,12.6,97.73,59.56,0.41,0.84,21.0
Female,33,Undergraduate,No,9.8,0.72,4.18,94.85,84.74,0.2,0.3,63.0
Male,40,High School,No,20.18,0.98,6.79,98.01,85.81,0.09,0.77,31.0
Male,56,Graduate,Yes,43.64,0.85,4.26,62.81,72.22,0.35,0.79,45.9
Other,29,Graduate,No,39.52,0.78,4.19,57.38,72.03,0.14,0.61,51.3
Male,31,Postgraduate,No,31.35,0.69,9.45,72.29,66.98,0.51,0.3,31.5
Male,17,Undergraduate,Yes,28.91,0.42,4.68,58.32,75.52,0.77,0.76,52.7
Male,59,Graduate,Yes,33.39,0.63,9.7,79.11,98.64,0.18,0.47,40.1
Male,30,Undergraduate,No,25.16,0.63,10.41,64.32,43.31,0.37,0.46,42.5
Other,50,Undergraduate,No,28.33,0.44,13.01,97.46,80.02,0.86,0.49,23.4
Other,39,Graduate,Yes,37.56,0.51,11.67,53.04,60.27,0.48,0.46,47.0
Male,35,Undergraduate,No,33.27,0.51,12.69,52.47,55.96,0.78,0.7,31.5
Other,39,Undergraduate,Yes,38.29,0.81,9.46,68.03,85.42,0.32,0.99,17.9
Male,35,High School,No,5.0,0.62,13.42,98.35,88.57,0.03,0.92,24.7
Female,22,Graduate,No,31.11,0.98,11.86,54.37,78.11,0.59,0.73,16.9
Other,53,Graduate,No,33.66,0.33,3.39,58.23,60.54,0.87,0.33,60.9
Female,22,Undergraduate,Yes,5.23,0.68,5.0,95.82,66.05,0.37,0.6,51.9
Other,29,Graduate,Yes,28.98,0.45,8.9,98.37,46.45,0.76,0.8,23.3
Female,39,Undergraduate,Yes,5.45,0.85,12.27,81.21,61.24,0.21,0.74,42.4
Other,48,Graduate,No,35.92,1.0,11.0,68.53,68.87,0.44,0.94,21.0
Male,47,Undergraduate,Yes,31.78,0.9,1.14,63.83,85.2,0.03,0.42,60.8
Female,31,High School,Yes,34.7,0.77,1.0,57.19,62.97,0.45,0.57,51.5
Other,42,Graduate,No,19.03,0.65,8.95,62.1,67.25,0.79,0.51,30.1
Male,47,Postgraduate,No,24.59,0.75,8.95,79.5,44.02,0.14,0.33,42.7
Female,18,High School,Yes,40.0,0.43,8.35,74.66,92.46,0.33,0.36,48.4
Other,34,High School,No,16.68,0.77,4.64,55.03,90.48,0.9,0.58,38.6
Female,52,Undergraduate,No,34.29,0.3,8.23,97.2,77.57,0.29,0.85,28.2
Female,17,Undergraduate,Yes,41.5,0.77,5.94,88.61,58.41,0.95,0.63,36.8
Male,25,Undergraduate,No,32.63,0.67,3.74,71.32,74.96,0.48,0.31,56.4
Female,16,Postgraduate,Yes,31.01,0.8,9.36,63.25,87.09,0.53,0.32,38.4
Male,46,Graduate,No,14.58,0.65,8.01,56.81,94.92,0.77,0.91,33.6
Female,42,Undergraduate,Yes,40.28,0.51,4.45,71.08,94.08,0.43,0.88,44.1
Other,45,High School,No,30.75,0.69,4.79,53.84,66.33,0.87,0.55,34.2
Female,43,High School,No,21.92,0.93,11.38,78.24,99.03,0.63,0.69,26.5
Female,55,Postgraduate,No,43.98,0.4,7.07,56.03,42.17,0.44,0.71,35.4
Female,51,Graduate,No,29.3,0.31,12.42,71.95,69.19,0.21,0.53,43.2
Female,45,Graduate,Yes,29.36,0.73,4.0,93.24,82.72,0.33,0.52,46.3
Other,43,Graduate,No,34.11,0.8,3.8,54.41,82.15,0.19,0.74,42.2
Male,34,Undergraduate,Yes,38.33,0.66,8.07,89.1,51.6,0.66,0.69,38.1
Male,18,Postgraduate,Yes,24.92,0.4,14.24,80.54,78.41,0.9,0.92,22.4
Female,34,High School,No,25.0,0.8,9.06,60.13,85.7,0.93,0.63,39.7
Female,40,Graduate,Yes,17.76,0.93,6.49,94.36,96.49,0.39,0.78,28.7
Female,27,High School,Yes,10.3,0.56,4.69,66.32,77.27,0.83,0.95,35.3
Male,51,Graduate,Yes,16.99,0.66,3.59,91.9,72.69,0.02,0.61,52.1
Female,21,High School,Yes,28.04,0.75,5.43,69.24,78.07,0.65,0.6,38.4
Other,27,Undergraduate,Yes,19.94,0.62,15.42,57.24,75.33,0.13,0.84,28.8
Other,36,Undergraduate,No,47.11,0.97,9.66,66.51,40.43,0.73,0.68,23.7
Male,37,Graduate,No,31.83,0.32,5.45,93.45,54.4,0.61,0.66,51.8
Male,27,Undergraduate,Yes,16.12,0.58,8.08,70.05,57.09,0.22,0.51,40.2
Female,40,Undergraduate,Yes,24.29,0.51,7.31,80.21,45.29,0.68,0.7,40.1
Female,35,Graduate,No,30.66,0.42,10.53,64.36,85.55,0.66,0.67,29.6
Female,56,High School,Yes,44.77,0.49,11.44,92.61,84.85,0.73,0.55,37.6
Other,23,Postgraduate,Yes,30.23,0.79,2.24,62.31,67.12,0.89,0.58,47.0
Female,25,Postgraduate,No,33.4,0.3,3.74,55.42,99.42,0.62,0.93,46.2
Male,29,High School,No,30.26,0.83,5.94,62.39,82.76,0.48,0.68,33.4
Other,40,Postgraduate,No,30.56,0.59,4.83,74.0,96.3,0.5,0.57,48.1
Other,36,Graduate,Yes,34.83,0.47,5.32,55.37,53.63,0.04,0.92,52.1
Male,33,Undergraduate,No,42.16,0.31,11.66,72.5,91.33,0.46,0.58,31.0
Other,43,Undergraduate,No,27.66,0.75,1.39,83.4,93.65,0.84,0.71,31.7
Other,26,Graduate,No,46.24,0.79,1.01,92.2,97.53,0.54,0.59,51.7
Other,47,High School,Yes,31.5,0.34,11.44,94.14,48.09,0.51,0.58,40.8
Other,40,Graduate,Yes,23.69,0.32,2.05,95.3,58.58,0.23,0.77,61.4
Female,43,Undergraduate,No,37.0,0.76,6.09,62.82,98.69,0.87,0.91,20.2
Female,20,Graduate,No,24.08,0.94,9.83,67.01,69.03,0.37,0.43,33.5
Other,29,Undergraduate,No,33.84,0.72,4.47,96.36,80.24,0.73,0.63,29.1
Other,54,High School,No,13.08,0.42,8.12,92.77,62.43,0.07,0.74,45.0
Other,28,Graduate,Yes,31.56,0.69,5.57,77.8,94.04,0.24,0.69,46.1
Male,45,Graduate,Yes,29.19,0.72,9.24,97.85,97.75,0.22,0.49,30.7
Male,39,Postgraduate,No,50.35,0.81,4.03,75.88,58.8,0.76,0.9,39.7
Female,49,Undergraduate,No,30.38,0.49,5.18,71.5,42.4,0.37,0.97,29.8
Male,32,High School,Yes,45.05,1.0,10.1,74.16,75.37,0.26,0.46,29.2
Male,28,Undergraduate,No,25.05,0.42,1.0,93.42,67.91,0.35,0.96,47.7
Male,37,Undergraduate,Yes,40.75,0.37,6.19,56.92,89.72,0.72,0.64,46.3
Female,49,Undergraduate,No,27.83,0.88,7.25,83.54,50.04,0.74,0.52,36.7
Other,26,Graduate,No,45.1,0.39,9.98,72.09,43.91,0.49,0.38,41.6
Other,48,High School,Yes,18.74,0.68,2.73,56.43,40.84,0.54,0.45,59.2
Male,28,Postgraduate,No,31.08,0.9,12.31,54.42,59.3,0.26,0.41,40.1
Female,58,Undergraduate,No,27.62,0.74,9.79,83.62,63.9,0.88,0.71,25.1
Male,46,High School,No,22.98,0.51,9.7,99.14,73.11,0.03,0.46,34.4
Male,38,High School,No,29.38,0.36,5.81,64.85,45.33,0.2,0.99,44.4
Male,49,Undergraduate,Yes,23.21,0.44,7.08,63.36,40.64,0.44,0.68,48.9
Female,57,Graduate,Yes,36.75,0.3,9.67,73.98,68.75,0.52,0.31,47.6
Female,22,Graduate,No,25.7,0.43,8.26,53.29,66.8,0.9,0.6,29.9
Female,55,Graduate,No,36.48,0.87,5.96,56.58,75.86,0.02,0.97,33.2
Female,17,Postgraduate,No,33.46,0.97,7.32,52.52,81.89,0.84,0.37,32.1
Male,33,Undergraduate,No,37.51,0.57,3.02,94.67,50.6,0.46,0.52,48.1
Female,23,Undergraduate,No,22.21,0.36,11.68,61.9,77.32,0.66,0.96,23.1
Other,53,High School,No,7.5,0.35,11.18,72.54,47.16,0.25,0.5,50.6
Male,39,Graduate,No,30.14,0.73,5.85,50.42,59.26,0.21,0.31,47.1
Other,16,Undergraduate,No,27.32,0.91,6.56,62.38,74.29,0.07,0.63,37.1
Female,19,High School,Yes,31.02,0.56,7.61,73.13,47.61,0.17,0.73,42.9
Female,48,Graduate,Yes,39.35,0.77,9.12,98.22,59.48,0.17,0.33,36.9
Male,41,Undergraduate,No,24.55,0.66,7.72,55.39,75.09,0.34,0.98,42.0
Male,54,Postgraduate,Yes,34.16,0.81,11.41,65.18,67.86,0.1,0.34,49.2
Female,30,Postgraduate,Yes,39.22,0.93,11.92,70.85,62.82,0.85,0.44,23.5
Female,56,Graduate,Yes,24.71,0.74,10.35,88.89,97.73,0.1,0.71,30.9
Male,16,Graduate,No,13.94,0.62,18.08,94.26,98.53,0.25,0.35,16.4
Female,21,Graduate,No,23.21,0.79,7.26,84.75,71.11,0.34,0.52,25.4
Female,33,High School,Yes,31.39,0.66,13.78,66.85,63.27,0.45,0.73,21.2
Female,50,Graduate,Yes,8.47,0.83,10.3,69.94,91.73,0.17,0.54,50.5
Other,20,Undergraduate,No,28.23,0.46,8.24,91.13,66.42,0.61,0.71,26.9
Female,31,Graduate,Yes,41.41,0.37,11.62,82.5,68.12,0.68,0.69,33.7
Female,33,High School,No,31.8,0.96,6.01,91.21,60.94,0.7,0.82,20.9
Male,31,High School,Yes,15.99,0.71,8.09,88.35,70.92,0.83,0.82,30.9
Male,44,Postgraduate,Yes,34.02,0.99,6.71,70.04,41.42,0.76,0.54,33.5
Female,54,Graduate,No,16.67,0.74,8.82,57.32,50.06,0.09,0.31,42.2
Other,25,High School,Yes,40.14,0.45,7.23,53.96,56.35,0.84,0.62,46.5
Male,29,High School,No,38.94,0.54,9.94,86.56,89.62,0.03,0.34,42.9
Other,27,High School,No,25.28,0.79,11.28,86.1,60.47,0.16,0.84,24.4
Male,26,Undergraduate,Yes,34.24,0.45,3.14,72.54,87.03,0.47,0.46,50.9
Other,32,Undergraduate,No,13.31,0.95,11.09,85.53,82.27,0.19,0.58,29.2
Other,34,Graduate,No,32.52,0.73,3.15,61.65,60.46,0.09,0.64,50.1
Other,23,Undergraduate,Yes,25.73,0.34,7.28,75.35,88.74,0.12,0.74,50.3
Other,57,Postgraduate,Yes,22.0,0.49,10.43,94.33,79.69,0.9,0.41,36.7
Female,22,Postgraduate,Yes,47.78,0.49,11.32,87.69,40.64,0.79,0.63,33.2
Male,28,Postgraduate,No,37.8,0.79,5.78,89.0,40.66,0.06,0.5,52.9
Other,46,Postgraduate,No,27.26,0.74,2.42,97.15,75.27,0.59,0.32,38.7
Other,23,Graduate,No,26.91,0.4,4.37,53.55,82.83,0.69,0.95,46.2
Male,37,Graduate,No,26.6,0.81,10.14,58.52,93.38,0.35,0.46,26.5
Other,53,High School,No,20.16,0.44,3.86,84.31,91.0,0.31,0.8,45.9
Female,17,Graduate,Yes,29.18,0.78,8.13,98.1,92.49,0.43,1.0,35.6
Other,59,High School,Yes,14.57,0.65,5.19,95.46,61.13,0.7,0.68,36.4
Male,37,Postgraduate,No,29.49,0.89,9.48,55.54,84.91,0.99,0.61,23.1
Male,55,Undergraduate,No,16.49,0.84,12.06,98.37,42.98,0.06,0.99,21.4
Male,40,High School,Yes,46.66,0.34,6.97,68.26,65.53,0.11,0.97,53.3
Female,22,High School,No,26.22,0.5,3.01,60.58,88.28,0.53,0.75,46.1
Female,53,Graduate,No,25.69,0.54,7.63,57.19,79.17,0.37,0.95,38.7
Male,32,Graduate,No,18.06,0.65,7.46,70.48,62.64,0.79,0.86,26.8
Female,39,High School,Yes,22.82,0.89,1.0,67.01,42.17,0.29,0.49,64.6
Female,59,Undergraduate,No,34.86,0.84,5.94,81.05,89.57,0.73,0.61,28.7
Other,34,Undergraduate,Yes,47.76,0.77,9.11,54.92,70.92,0.46,0.94,31.1
Female,40,Undergraduate,Yes,35.78,0.72,5.58,60.09,72.57,0.17,0.39,64.3
Other,56,High School,Yes,14.19,0.42,9.5,63.25,77.39,0.17,0.86,38.4
Other,56,Undergraduate,No,41.65,0.8,5.82,87.9,79.58,0.93,0.79,26.2
Male,30,Graduate,Yes,37.15,0.86,9.58,63.8,85.77,0.51,0.39,37.8
Male,33,Undergraduate,Yes,33.59,0.33,3.41,56.77,54.66,0.99,0.33,69.8
Male,23,Graduate,Yes,37.3,0.47,7.41,98.82,97.57,0.76,0.76,37.2
Other,47,Postgraduate,Yes,50.39,0.75,3.07,94.97,96.99,0.72,0.71,36.1
Other,32,Postgraduate,Yes,24.39,0.43,6.61,88.95,70.87,0.0,0.33,53.7
Other,25,Undergraduate,Yes,32.37,0.97,8.1,55.87,65.65,0.28,0.59,42.6
Male,39,Postgraduate,Yes,32.24,0.7,7.4,71.49,42.36,0.72,0.47,50.0
Female,25,Graduate,Yes,9.79,1.0,9.01,56.76,50.2,0.63,0.7,33.2
Male,26,High School,No,24.58,0.69,5.08,99.33,42.45,0.16,0.74,44.1
Female,49,Graduate,Yes,29.87,0.46,10.96,95.33,59.63,0.17,0.94,33.5
Other,33,Undergraduate,No,17.08,0.92,9.03,72.18,65.0,0.99,0.44,22.8
Other,54,High School,No,22.24,0.83,7.48,50.43,48.53,0.25,0.33,45.5
Male,59,Graduate,Yes,25.57,0.98,9.76,55.53,92.02,0.02,0.5,40.6
Male,54,Undergraduate,No,37.8,0.71,6.96,52.19,96.41,0.66,0.83,30.2
Female,58,Undergraduate,Yes,33.64,0.44,6.5,81.35,72.58,0.3,0.84,48.4
Male,26,High School,No,36.46,0.48,9.07,75.25,69.17,0.91,0.72,40.5
